id,text,audio,speaker_id,split,human_label,expected_issue,human_note
aishell_BAC009S0002W0122,而对楼市成交抑制作用最大的限购,data/external/aishell/wav/train/S0002/train/S0002/BAC009S0002W0122.wav,S0002,train,native,,Imported from AISHELL-style Mandarin read speech.
aishell_BAC009S0002W0123,也成为地方政府的眼中钉,data/external/aishell/wav/train/S0002/train/S0002/BAC009S0002W0123.wav,S0002,train,native,,Imported from AISHELL-style Mandarin read speech.
aishell_BAC009S0002W0124,自六月底呼和浩特市率先宣布取消限购后,data/external/aishell/wav/train/S0002/train/S0002/BAC009S0002W0124.wav,S0002,train,native,,Imported from AISHELL-style Mandarin read speech.
aishell_BAC009S0002W0125,各地政府便纷纷跟进,data/external/aishell/wav/train/S0002/train/S0002/BAC009S0002W0125.wav,S0002,train,native,,Imported from AISHELL-style Mandarin read speech.
aishell_BAC009S0002W0126,仅一个多月的时间里,data/external/aishell/wav/train/S0002/train/S0002/BAC009S0002W0126.wav,S0002,train,native,,Imported from AISHELL-style Mandarin read speech.
aishell_BAC009S0002W0127,除了北京上海广州深圳四个一线城市和三亚之外,data/external/aishell/wav/train/S0002/train/S0002/BAC009S0002W0127.wav,S0002,train,native,,Imported from AISHELL-style Mandarin read speech.
aishell_BAC009S0002W0128,四十六个限购城市当中,data/external/aishell/wav/train/S0002/train/S0002/BAC009S0002W0128.wav,S0002,train,native,,Imported from AISHELL-style Mandarin read speech.
aishell_BAC009S0002W0129,四十一个已正式取消或变相放松了限购,data/external/aishell/wav/train/S0002/train/S0002/BAC009S0002W0129.wav,S0002,train,native,,Imported from AISHELL-style Mandarin read speech.
aishell_BAC009S0002W0130,财政金融政策紧随其后而来,data/external/aishell/wav/train/S0002/train/S0002/BAC009S0002W0130.wav,S0002,train,native,,Imported from AISHELL-style Mandarin read speech.
aishell_BAC009S0002W0131,显示出了极强的威力,data/external/aishell/wav/train/S0002/train/S0002/BAC009S0002W0131.wav,S0002,train,native,,Imported from AISHELL-style Mandarin read speech.
aishell_BAC009S0002W0132,放松了与自往需求密切相关的房贷政策,data/external/aishell/wav/train/S0002/train/S0002/BAC009S0002W0132.wav,S0002,train,native,,Imported from AISHELL-style Mandarin read speech.
aishell_BAC009S0002W0133,其中包括对拥有一套住房并已结清相应购房贷款的家庭,data/external/aishell/wav/train/S0002/train/S0002/BAC009S0002W0133.wav,S0002,train,native,,Imported from AISHELL-style Mandarin read speech.
aishell_BAC009S0002W0134,为改善居住条件再次申请贷款购买普通商品住房,data/external/aishell/wav/train/S0002/train/S0002/BAC009S0002W0134.wav,S0002,train,native,,Imported from AISHELL-style Mandarin read speech.
aishell_BAC009S0002W0135,银行业金融机构执行首套房贷款政策,data/external/aishell/wav/train/S0002/train/S0002/BAC009S0002W0135.wav,S0002,train,native,,Imported from AISHELL-style Mandarin read speech.
aishell_BAC009S0002W0136,这个后来被称为九三零新政策的措施,data/external/aishell/wav/train/S0002/train/S0002/BAC009S0002W0136.wav,S0002,train,native,,Imported from AISHELL-style Mandarin read speech.
aishell_BAC009S0002W0137,被市场公认为是今年对楼市影响最大的一个政策,data/external/aishell/wav/train/S0002/train/S0002/BAC009S0002W0137.wav,S0002,train,native,,Imported from AISHELL-style Mandarin read speech.
aishell_BAC009S0002W0138,以提高住房公积金缴存职工住房消费能力,data/external/aishell/wav/train/S0002/train/S0002/BAC009S0002W0138.wav,S0002,train,native,,Imported from AISHELL-style Mandarin read speech.
aishell_BAC009S0002W0139,支持缴存职工购买首套和改善型自住住房,data/external/aishell/wav/train/S0002/train/S0002/BAC009S0002W0139.wav,S0002,train,native,,Imported from AISHELL-style Mandarin read speech.
aishell_BAC009S0002W0140,通过财政补贴手段鼓励购房的地区也在不断增加,data/external/aishell/wav/train/S0002/train/S0002/BAC009S0002W0140.wav,S0002,train,native,,Imported from AISHELL-style Mandarin read speech.
aishell_BAC009S0002W0141,其中多项政策惠及购房者,data/external/aishell/wav/train/S0002/train/S0002/BAC009S0002W0141.wav,S0002,train,native,,Imported from AISHELL-style Mandarin read speech.
aishell_BAC009S0002W0142,尚未取消限购,data/external/aishell/wav/train/S0002/train/S0002/BAC009S0002W0142.wav,S0002,train,native,,Imported from AISHELL-style Mandarin read speech.
aishell_BAC009S0002W0143,也通过大幅调整对普通住宅总价认定标准的方式,data/external/aishell/wav/train/S0002/train/S0002/BAC009S0002W0143.wav,S0002,train,native,,Imported from AISHELL-style Mandarin read speech.
aishell_BAC009S0002W0144,刺激改善型需求入市,data/external/aishell/wav/train/S0002/train/S0002/BAC009S0002W0144.wav,S0002,train,native,,Imported from AISHELL-style Mandarin read speech.
aishell_BAC009S0002W0145,而另外一剂楼市强心剂则当属央行的不对称降息,data/external/aishell/wav/train/S0002/train/S0002/BAC009S0002W0145.wav,S0002,train,native,,Imported from AISHELL-style Mandarin read speech.
aishell_BAC009S0002W0146,有业内人士当时就指出,data/external/aishell/wav/train/S0002/train/S0002/BAC009S0002W0146.wav,S0002,train,native,,Imported from AISHELL-style Mandarin read speech.
aishell_BAC009S0002W0147,对于房地产业的影响来说,data/external/aishell/wav/train/S0002/train/S0002/BAC009S0002W0147.wav,S0002,train,native,,Imported from AISHELL-style Mandarin read speech.
aishell_BAC009S0002W0148,货币手段历来是刺激市场需求的最有效工具,data/external/aishell/wav/train/S0002/train/S0002/BAC009S0002W0148.wav,S0002,train,native,,Imported from AISHELL-style Mandarin read speech.
aishell_BAC009S0002W0149,此次降息将成为市场加快库存去化的重要利器,data/external/aishell/wav/train/S0002/train/S0002/BAC009S0002W0149.wav,S0002,train,native,,Imported from AISHELL-style Mandarin read speech.
aishell_BAC009S0002W0150,房地产市场迅速变化,data/external/aishell/wav/train/S0002/train/S0002/BAC009S0002W0150.wav,S0002,train,native,,Imported from AISHELL-style Mandarin read speech.
aishell_BAC009S0002W0151,住房和城乡建设部会配合有关部门,data/external/aishell/wav/train/S0002/train/S0002/BAC009S0002W0151.wav,S0002,train,native,,Imported from AISHELL-style Mandarin read speech.
aishell_BAC009S0002W0152,强化地方调控主体责任,data/external/aishell/wav/train/S0002/train/S0002/BAC009S0002W0152.wav,S0002,train,native,,Imported from AISHELL-style Mandarin read speech.
aishell_BAC009S0002W0153,及时调整了限购差别化信贷等方面的政策,data/external/aishell/wav/train/S0002/train/S0002/BAC009S0002W0153.wav,S0002,train,native,,Imported from AISHELL-style Mandarin read speech.
aishell_BAC009S0002W0154,支持居民合理的住房消费,data/external/aishell/wav/train/S0002/train/S0002/BAC009S0002W0154.wav,S0002,train,native,,Imported from AISHELL-style Mandarin read speech.
aishell_BAC009S0002W0155,总体上保持了房地产市场平稳运行,data/external/aishell/wav/train/S0002/train/S0002/BAC009S0002W0155.wav,S0002,train,native,,Imported from AISHELL-style Mandarin read speech.
aishell_BAC009S0002W0156,住建部新闻发言人倪虹近日表示,data/external/aishell/wav/train/S0002/train/S0002/BAC009S0002W0156.wav,S0002,train,native,,Imported from AISHELL-style Mandarin read speech.
aishell_BAC009S0002W0157,即政府做好的事,data/external/aishell/wav/train/S0002/train/S0002/BAC009S0002W0157.wav,S0002,train,native,,Imported from AISHELL-style Mandarin read speech.
aishell_BAC009S0002W0158,市场发挥经济规律做好市场的事情,data/external/aishell/wav/train/S0002/train/S0002/BAC009S0002W0158.wav,S0002,train,native,,Imported from AISHELL-style Mandarin read speech.
aishell_BAC009S0002W0159,今年有望超三百亿美元,data/external/aishell/wav/train/S0002/train/S0002/BAC009S0002W0159.wav,S0002,train,native,,Imported from AISHELL-style Mandarin read speech.
aishell_BAC009S0002W0160,就连一向看多的任志强,data/external/aishell/wav/train/S0002/train/S0002/BAC009S0002W0160.wav,S0002,train,native,,Imported from AISHELL-style Mandarin read speech.
aishell_BAC009S0002W0161,近期也一反常态地发表看空言论,data/external/aishell/wav/train/S0002/train/S0002/BAC009S0002W0161.wav,S0002,train,native,,Imported from AISHELL-style Mandarin read speech.
aishell_BAC009S0002W0162,为了维持业绩的稳步增长,data/external/aishell/wav/train/S0002/train/S0002/BAC009S0002W0162.wav,S0002,train,native,,Imported from AISHELL-style Mandarin read speech.
aishell_BAC009S0002W0163,房企纷纷加大海外投资的力度,data/external/aishell/wav/train/S0002/train/S0002/BAC009S0002W0163.wav,S0002,train,native,,Imported from AISHELL-style Mandarin read speech.
aishell_BAC009S0002W0164,以填补国内市场下滑带来的损失,data/external/aishell/wav/train/S0002/train/S0002/BAC009S0002W0164.wav,S0002,train,native,,Imported from AISHELL-style Mandarin read speech.
aishell_BAC009S0002W0165,近年来中国已成为全球资本输出大国,data/external/aishell/wav/train/S0002/train/S0002/BAC009S0002W0165.wav,S0002,train,native,,Imported from AISHELL-style Mandarin read speech.
aishell_BAC009S0002W0166,对外房地产投资增长迅速,data/external/aishell/wav/train/S0002/train/S0002/BAC009S0002W0166.wav,S0002,train,native,,Imported from AISHELL-style Mandarin read speech.
aishell_BAC009S0002W0167,中国跨境房地产投资额则有望超过三百亿美元,data/external/aishell/wav/train/S0002/train/S0002/BAC009S0002W0167.wav,S0002,train,native,,Imported from AISHELL-style Mandarin read speech.
aishell_BAC009S0002W0168,超过此前数年海外房地产投资的总和,data/external/aishell/wav/train/S0002/train/S0002/BAC009S0002W0168.wav,S0002,train,native,,Imported from AISHELL-style Mandarin read speech.
aishell_BAC009S0002W0169,新华联在今年一月份,data/external/aishell/wav/train/S0002/train/S0002/BAC009S0002W0169.wav,S0002,train,native,,Imported from AISHELL-style Mandarin read speech.
aishell_BAC009S0002W0170,正式进军澳大利亚市场,data/external/aishell/wav/train/S0002/train/S0002/BAC009S0002W0170.wav,S0002,train,native,,Imported from AISHELL-style Mandarin read speech.
aishell_BAC009S0002W0171,而对外投资规模最大的两家房企,data/external/aishell/wav/train/S0002/train/S0002/BAC009S0002W0171.wav,S0002,train,native,,Imported from AISHELL-style Mandarin read speech.
aishell_BAC009S0002W0172,无疑当属绿地和万达,data/external/aishell/wav/train/S0002/train/S0002/BAC009S0002W0172.wav,S0002,train,native,,Imported from AISHELL-style Mandarin read speech.
aishell_BAC009S0002W0173,建成后该项目有望成为芝加哥第三高建筑,data/external/aishell/wav/train/S0002/train/S0002/BAC009S0002W0173.wav,S0002,train,native,,Imported from AISHELL-style Mandarin read speech.
aishell_BAC009S0002W0174,海外项目总投资超过两百亿美元,data/external/aishell/wav/train/S0002/train/S0002/BAC009S0002W0174.wav,S0002,train,native,,Imported from AISHELL-style Mandarin read speech.
aishell_BAC009S0002W0175,国家在相关政策上的变动,data/external/aishell/wav/train/S0002/train/S0002/BAC009S0002W0175.wav,S0002,train,native,,Imported from AISHELL-style Mandarin read speech.
aishell_BAC009S0002W0176,也进一步支持了房企到海外的投资,data/external/aishell/wav/train/S0002/train/S0002/BAC009S0002W0176.wav,S0002,train,native,,Imported from AISHELL-style Mandarin read speech.
aishell_BAC009S0002W0177,国务院在今年取消了对一般境外投资项目的审核制度,data/external/aishell/wav/train/S0002/train/S0002/BAC009S0002W0177.wav,S0002,train,native,,Imported from AISHELL-style Mandarin read speech.
aishell_BAC009S0002W0178,打破过去在外汇管理跨境资金流动方面的多重限制,data/external/aishell/wav/train/S0002/train/S0002/BAC009S0002W0178.wav,S0002,train,native,,Imported from AISHELL-style Mandarin read speech.
aishell_BAC009S0002W0179,移民人数的不断增长,data/external/aishell/wav/train/S0002/train/S0002/BAC009S0002W0179.wav,S0002,train,native,,Imported from AISHELL-style Mandarin read speech.
aishell_BAC009S0002W0180,也为出海房企提供了大量的需求,data/external/aishell/wav/train/S0002/train/S0002/BAC009S0002W0180.wav,S0002,train,native,,Imported from AISHELL-style Mandarin read speech.
aishell_BAC009S0002W0181,胡润中国私人财富管理白皮书调查显示,data/external/aishell/wav/train/S0002/train/S0002/BAC009S0002W0181.wav,S0002,train,native,,Imported from AISHELL-style Mandarin read speech.
aishell_BAC009S0002W0182,中国内地的千万富豪中,data/external/aishell/wav/train/S0002/train/S0002/BAC009S0002W0182.wav,S0002,train,native,,Imported from AISHELL-style Mandarin read speech.
aishell_BAC009S0002W0183,百分之四十六正在考虑移民国外,data/external/aishell/wav/train/S0002/train/S0002/BAC009S0002W0183.wav,S0002,train,native,,Imported from AISHELL-style Mandarin read speech.
aishell_BAC009S0002W0184,百分之十四已经移民或者正在申请移民,data/external/aishell/wav/train/S0002/train/S0002/BAC009S0002W0184.wav,S0002,train,native,,Imported from AISHELL-style Mandarin read speech.
aishell_BAC009S0002W0185,家资在一亿元以上的富人中,data/external/aishell/wav/train/S0002/train/S0002/BAC009S0002W0185.wav,S0002,train,native,,Imported from AISHELL-style Mandarin read speech.
aishell_BAC009S0002W0186,有移民意向的人比例高达百分之七十四,data/external/aishell/wav/train/S0002/train/S0002/BAC009S0002W0186.wav,S0002,train,native,,Imported from AISHELL-style Mandarin read speech.
aishell_BAC009S0002W0187,公布的招股意向书显示,data/external/aishell/wav/train/S0002/train/S0002/BAC009S0002W0187.wav,S0002,train,native,,Imported from AISHELL-style Mandarin read speech.
aishell_BAC009S0002W0188,二零一一年十月一日,data/external/aishell/wav/train/S0002/train/S0002/BAC009S0002W0188.wav,S0002,train,native,,Imported from AISHELL-style Mandarin read speech.
aishell_BAC009S0002W0189,该公司的大客户中,data/external/aishell/wav/train/S0002/train/S0002/BAC009S0002W0189.wav,S0002,train,native,,Imported from AISHELL-style Mandarin read speech.
aishell_BAC009S0002W0190,就分别包括了通号集团和通号院,data/external/aishell/wav/train/S0002/train/S0002/BAC009S0002W0190.wav,S0002,train,native,,Imported from AISHELL-style Mandarin read speech.
aishell_BAC009S0002W0192,在现任董事会成员中,data/external/aishell/wav/train/S0002/train/S0002/BAC009S0002W0192.wav,S0002,train,native,,Imported from AISHELL-style Mandarin read speech.
aishell_BAC009S0002W0193,信号系统这种产品本身并不是一个指定性的产品,data/external/aishell/wav/train/S0002/train/S0002/BAC009S0002W0193.wav,S0002,train,native,,Imported from AISHELL-style Mandarin read speech.
aishell_BAC009S0002W0194,而是一个竞争性的产品,data/external/aishell/wav/train/S0002/train/S0002/BAC009S0002W0194.wav,S0002,train,native,,Imported from AISHELL-style Mandarin read speech.
aishell_BAC009S0002W0195,信号系统是一个争竞争性领域和竞争性的产品,data/external/aishell/wav/train/S0002/train/S0002/BAC009S0002W0195.wav,S0002,train,native,,Imported from AISHELL-style Mandarin read speech.
aishell_BAC009S0002W0196,它在形式意义上有竞争,data/external/aishell/wav/train/S0002/train/S0002/BAC009S0002W0196.wav,S0002,train,native,,Imported from AISHELL-style Mandarin read speech.
aishell_BAC009S0002W0197,但在实际意义上没有竞争,data/external/aishell/wav/train/S0002/train/S0002/BAC009S0002W0197.wav,S0002,train,native,,Imported from AISHELL-style Mandarin read speech.
aishell_BAC009S0002W0198,它形成了一个利益圈,data/external/aishell/wav/train/S0002/train/S0002/BAC009S0002W0198.wav,S0002,train,native,,Imported from AISHELL-style Mandarin read speech.
aishell_BAC009S0002W0199,所有的利益在一个特定的圈子里来分配,data/external/aishell/wav/train/S0002/train/S0002/BAC009S0002W0199.wav,S0002,train,native,,Imported from AISHELL-style Mandarin read speech.
aishell_BAC009S0002W0200,相对应的管制措施相对较少,data/external/aishell/wav/train/S0002/train/S0002/BAC009S0002W0200.wav,S0002,train,native,,Imported from AISHELL-style Mandarin read speech.
aishell_BAC009S0002W0201,但在特定的过程中间,data/external/aishell/wav/train/S0002/train/S0002/BAC009S0002W0201.wav,S0002,train,native,,Imported from AISHELL-style Mandarin read speech.
aishell_BAC009S0002W0202,竞争只是在表面层次上展开,data/external/aishell/wav/train/S0002/train/S0002/BAC009S0002W0202.wav,S0002,train,native,,Imported from AISHELL-style Mandarin read speech.
aishell_BAC009S0002W0203,实质意义上没有完成,data/external/aishell/wav/train/S0002/train/S0002/BAC009S0002W0203.wav,S0002,train,native,,Imported from AISHELL-style Mandarin read speech.
aishell_BAC009S0002W0204,如果是指定性产品的话,data/external/aishell/wav/train/S0002/train/S0002/BAC009S0002W0204.wav,S0002,train,native,,Imported from AISHELL-style Mandarin read speech.
aishell_BAC009S0002W0205,而如果是竞争性产品的话,data/external/aishell/wav/train/S0002/train/S0002/BAC009S0002W0205.wav,S0002,train,native,,Imported from AISHELL-style Mandarin read speech.
aishell_BAC009S0002W0206,竞争者之间会相互形成制约和监督,data/external/aishell/wav/train/S0002/train/S0002/BAC009S0002W0206.wav,S0002,train,native,,Imported from AISHELL-style Mandarin read speech.
aishell_BAC009S0002W0207,这样能够相对保障产品的质量,data/external/aishell/wav/train/S0002/train/S0002/BAC009S0002W0207.wav,S0002,train,native,,Imported from AISHELL-style Mandarin read speech.
aishell_BAC009S0002W0208,从而导致了对其的管理和评价处于缺失的状态,data/external/aishell/wav/train/S0002/train/S0002/BAC009S0002W0208.wav,S0002,train,native,,Imported from AISHELL-style Mandarin read speech.
aishell_BAC009S0002W0209,央企无限制没有边际的扩张导致市场竞争的失败,data/external/aishell/wav/train/S0002/train/S0002/BAC009S0002W0209.wav,S0002,train,native,,Imported from AISHELL-style Mandarin read speech.
aishell_BAC009S0002W0210,这不利于市场化的相互监督机制的形成,data/external/aishell/wav/train/S0002/train/S0002/BAC009S0002W0210.wav,S0002,train,native,,Imported from AISHELL-style Mandarin read speech.
aishell_BAC009S0002W0211,如果一个垄断企业的所有产品都是内部采购,data/external/aishell/wav/train/S0002/train/S0002/BAC009S0002W0211.wav,S0002,train,native,,Imported from AISHELL-style Mandarin read speech.
aishell_BAC009S0002W0212,这种模式不能保证所有采购产品是市场上最好的产品,data/external/aishell/wav/train/S0002/train/S0002/BAC009S0002W0212.wav,S0002,train,native,,Imported from AISHELL-style Mandarin read speech.
aishell_BAC009S0002W0213,政企兴分痼疾难消产业垄断有待破除,data/external/aishell/wav/train/S0002/train/S0002/BAC009S0002W0213.wav,S0002,train,native,,Imported from AISHELL-style Mandarin read speech.
aishell_BAC009S0002W0214,政企不分是一种痼疾,data/external/aishell/wav/train/S0002/train/S0002/BAC009S0002W0214.wav,S0002,train,native,,Imported from AISHELL-style Mandarin read speech.
aishell_BAC009S0002W0215,但迄今很难说已经完全分开,data/external/aishell/wav/train/S0002/train/S0002/BAC009S0002W0215.wav,S0002,train,native,,Imported from AISHELL-style Mandarin read speech.
aishell_BAC009S0002W0216,尤其在号称自然垄断行业更是如此,data/external/aishell/wav/train/S0002/train/S0002/BAC009S0002W0216.wav,S0002,train,native,,Imported from AISHELL-style Mandarin read speech.
aishell_BAC009S0002W0217,有的迄今还是政企合一的体制,data/external/aishell/wav/train/S0002/train/S0002/BAC009S0002W0217.wav,S0002,train,native,,Imported from AISHELL-style Mandarin read speech.
aishell_BAC009S0002W0218,这些产业部门如今日之铁道部的法律地位,data/external/aishell/wav/train/S0002/train/S0002/BAC009S0002W0218.wav,S0002,train,native,,Imported from AISHELL-style Mandarin read speech.
aishell_BAC009S0002W0219,著名经济学家修泽对经济参考记者表示,data/external/aishell/wav/train/S0002/train/S0002/BAC009S0002W0219.wav,S0002,train,native,,Imported from AISHELL-style Mandarin read speech.
aishell_BAC009S0002W0220,常修泽向记者提供的一份数据显示,data/external/aishell/wav/train/S0002/train/S0002/BAC009S0002W0220.wav,S0002,train,native,,Imported from AISHELL-style Mandarin read speech.
aishell_BAC009S0002W0221,在中国行业性固定资产投资中,data/external/aishell/wav/train/S0002/train/S0002/BAC009S0002W0221.wav,S0002,train,native,,Imported from AISHELL-style Mandarin read speech.
aishell_BAC009S0002W0222,铁路运输业的一亿元,data/external/aishell/wav/train/S0002/train/S0002/BAC009S0002W0222.wav,S0002,train,native,,Imported from AISHELL-style Mandarin read speech.
aishell_BAC009S0002W0223,有一半来自于国有控股,data/external/aishell/wav/train/S0002/train/S0002/BAC009S0002W0223.wav,S0002,train,native,,Imported from AISHELL-style Mandarin read speech.
aishell_BAC009S0002W0224,这个比例也超过了百分之八十,data/external/aishell/wav/train/S0002/train/S0002/BAC009S0002W0224.wav,S0002,train,native,,Imported from AISHELL-style Mandarin read speech.
aishell_BAC009S0002W0225,垄断最大的危害就是会让竞争机制失效,data/external/aishell/wav/train/S0002/train/S0002/BAC009S0002W0225.wav,S0002,train,native,,Imported from AISHELL-style Mandarin read speech.
aishell_BAC009S0002W0226,市场机制要起到资源配置的作用,data/external/aishell/wav/train/S0002/train/S0002/BAC009S0002W0226.wav,S0002,train,native,,Imported from AISHELL-style Mandarin read speech.
aishell_BAC009S0002W0227,会极大地激发创造性,data/external/aishell/wav/train/S0002/train/S0002/BAC009S0002W0227.wav,S0002,train,native,,Imported from AISHELL-style Mandarin read speech.
aishell_BAC009S0002W0228,推动社会生产力发展,data/external/aishell/wav/train/S0002/train/S0002/BAC009S0002W0228.wav,S0002,train,native,,Imported from AISHELL-style Mandarin read speech.
aishell_BAC009S0002W0229,垄断就是消除和限制竞争的行为,data/external/aishell/wav/train/S0002/train/S0002/BAC009S0002W0229.wav,S0002,train,native,,Imported from AISHELL-style Mandarin read speech.
aishell_BAC009S0002W0230,竞争就会被限制和消除,data/external/aishell/wav/train/S0002/train/S0002/BAC009S0002W0230.wav,S0002,train,native,,Imported from AISHELL-style Mandarin read speech.
aishell_BAC009S0002W0231,市场配置的功能就会失效,data/external/aishell/wav/train/S0002/train/S0002/BAC009S0002W0231.wav,S0002,train,native,,Imported from AISHELL-style Mandarin read speech.
aishell_BAC009S0002W0232,整个社会的效率就会大打折扣,data/external/aishell/wav/train/S0002/train/S0002/BAC009S0002W0232.wav,S0002,train,native,,Imported from AISHELL-style Mandarin read speech.
aishell_BAC009S0002W0233,垄断会导致市场竞争失灵,data/external/aishell/wav/train/S0002/train/S0002/BAC009S0002W0233.wav,S0002,train,native,,Imported from AISHELL-style Mandarin read speech.
aishell_BAC009S0002W0234,而破除垄断的最好方法就是引入竞争,data/external/aishell/wav/train/S0002/train/S0002/BAC009S0002W0234.wav,S0002,train,native,,Imported from AISHELL-style Mandarin read speech.
aishell_BAC009S0002W0235,最重要的一点是要改革,data/external/aishell/wav/train/S0002/train/S0002/BAC009S0002W0235.wav,S0002,train,native,,Imported from AISHELL-style Mandarin read speech.
aishell_BAC009S0002W0236,创造条件让民营企业进入,data/external/aishell/wav/train/S0002/train/S0002/BAC009S0002W0236.wav,S0002,train,native,,Imported from AISHELL-style Mandarin read speech.
aishell_BAC009S0002W0237,但是有些行业民营企业还是很难进入,data/external/aishell/wav/train/S0002/train/S0002/BAC009S0002W0237.wav,S0002,train,native,,Imported from AISHELL-style Mandarin read speech.
aishell_BAC009S0002W0238,应用型的产品都应该交给市场,data/external/aishell/wav/train/S0002/train/S0002/BAC009S0002W0238.wav,S0002,train,native,,Imported from AISHELL-style Mandarin read speech.
aishell_BAC009S0002W0239,不应该被央企垄断起来,data/external/aishell/wav/train/S0002/train/S0002/BAC009S0002W0239.wav,S0002,train,native,,Imported from AISHELL-style Mandarin read speech.
aishell_BAC009S0002W0240,现在需要对央企现有的经营产品链条进行重新思考,data/external/aishell/wav/train/S0002/train/S0002/BAC009S0002W0240.wav,S0002,train,native,,Imported from AISHELL-style Mandarin read speech.
aishell_BAC009S0002W0241,央企是不是在经营这个产品的产业链中形成垄断,data/external/aishell/wav/train/S0002/train/S0002/BAC009S0002W0241.wav,S0002,train,native,,Imported from AISHELL-style Mandarin read speech.
aishell_BAC009S0002W0242,这个产业链中是不是有些行为应该放给市场,data/external/aishell/wav/train/S0002/train/S0002/BAC009S0002W0242.wav,S0002,train,native,,Imported from AISHELL-style Mandarin read speech.
aishell_BAC009S0002W0243,让民营企业让市场竞争企业介入,data/external/aishell/wav/train/S0002/train/S0002/BAC009S0002W0243.wav,S0002,train,native,,Imported from AISHELL-style Mandarin read speech.
aishell_BAC009S0002W0244,而不是单独的一家来垄断,data/external/aishell/wav/train/S0002/train/S0002/BAC009S0002W0244.wav,S0002,train,native,,Imported from AISHELL-style Mandarin read speech.
aishell_BAC009S0002W0245,国务院提出今年要细化三公经费的解释说明,data/external/aishell/wav/train/S0002/train/S0002/BAC009S0002W0245.wav,S0002,train,native,,Imported from AISHELL-style Mandarin read speech.
aishell_BAC009S0002W0246,提出推进重点领域信息公开,data/external/aishell/wav/train/S0002/train/S0002/BAC009S0002W0246.wav,S0002,train,native,,Imported from AISHELL-style Mandarin read speech.
aishell_BAC009S0002W0247,各省区市政府要订制三公经费公开时间表,data/external/aishell/wav/train/S0002/train/S0002/BAC009S0002W0247.wav,S0002,train,native,,Imported from AISHELL-style Mandarin read speech.
aishell_BAC009S0002W0248,争取在两年左右的时间内,data/external/aishell/wav/train/S0002/train/S0002/BAC009S0002W0248.wav,S0002,train,native,,Imported from AISHELL-style Mandarin read speech.
aishell_BAC009S0002W0249,实现省级政府全面公开三公经费,data/external/aishell/wav/train/S0002/train/S0002/BAC009S0002W0249.wav,S0002,train,native,,Imported from AISHELL-style Mandarin read speech.
aishell_BAC009S0002W0250,推进中央部门公开行政费,data/external/aishell/wav/train/S0002/train/S0002/BAC009S0002W0250.wav,S0002,train,native,,Imported from AISHELL-style Mandarin read speech.
aishell_BAC009S0002W0251,此项工作由财政部牵头落实,data/external/aishell/wav/train/S0002/train/S0002/BAC009S0002W0251.wav,S0002,train,native,,Imported from AISHELL-style Mandarin read speech.
aishell_BAC009S0002W0252,相对于繁杂的部门预算来说,data/external/aishell/wav/train/S0002/train/S0002/BAC009S0002W0252.wav,S0002,train,native,,Imported from AISHELL-style Mandarin read speech.
aishell_BAC009S0002W0255,苹果公司的中国代工厂和硕联,data/external/aishell/wav/train/S0002/train/S0002/BAC009S0002W0255.wav,S0002,train,native,,Imported from AISHELL-style Mandarin read speech.
aishell_BAC009S0002W0257,该展会计划于五月二十五到二十七日在中国上海举行,data/external/aishell/wav/train/S0002/train/S0002/BAC009S0002W0257.wav,S0002,train,native,,Imported from AISHELL-style Mandarin read speech.
aishell_BAC009S0002W0258,将汇聚近一百位行业高管,data/external/aishell/wav/train/S0002/train/S0002/BAC009S0002W0258.wav,S0002,train,native,,Imported from AISHELL-style Mandarin read speech.
aishell_BAC009S0002W0259,并举办为期三天的会议,data/external/aishell/wav/train/S0002/train/S0002/BAC009S0002W0259.wav,S0002,train,native,,Imported from AISHELL-style Mandarin read speech.
aishell_BAC009S0002W0261,从最新机器人到物联网娱乐可穿戴设备等,data/external/aishell/wav/train/S0002/train/S0002/BAC009S0002W0261.wav,S0002,train,native,,Imported from AISHELL-style Mandarin read speech.
aishell_BAC009S0002W0262,听取部分最具创新思维的人士提供的深刻见解,data/external/aishell/wav/train/S0002/train/S0002/BAC009S0002W0262.wav,S0002,train,native,,Imported from AISHELL-style Mandarin read speech.
aishell_BAC009S0002W0263,从而推动我们全球行业的发展,data/external/aishell/wav/train/S0002/train/S0002/BAC009S0002W0263.wav,S0002,train,native,,Imported from AISHELL-style Mandarin read speech.
aishell_BAC009S0002W0264,大会会议具体包括,data/external/aishell/wav/train/S0002/train/S0002/BAC009S0002W0264.wav,S0002,train,native,,Imported from AISHELL-style Mandarin read speech.
aishell_BAC009S0002W0265,中美消费科技市场的展望,data/external/aishell/wav/train/S0002/train/S0002/BAC009S0002W0265.wav,S0002,train,native,,Imported from AISHELL-style Mandarin read speech.
aishell_BAC009S0002W0266,五月二十五日周一,data/external/aishell/wav/train/S0002/train/S0002/BAC009S0002W0266.wav,S0002,train,native,,Imported from AISHELL-style Mandarin read speech.
aishell_BAC009S0002W0267,嘉里大酒店三楼上海宴会厅一,data/external/aishell/wav/train/S0002/train/S0002/BAC009S0002W0267.wav,S0002,train,native,,Imported from AISHELL-style Mandarin read speech.
aishell_BAC009S0002W0268,详细了解中美两大市场的主要推动因素和促成因素,data/external/aishell/wav/train/S0002/train/S0002/BAC009S0002W0268.wav,S0002,train,native,,Imported from AISHELL-style Mandarin read speech.
aishell_BAC009S0002W0269,以及塑造并定义未来增长途径的发展,data/external/aishell/wav/train/S0002/train/S0002/BAC009S0002W0269.wav,S0002,train,native,,Imported from AISHELL-style Mandarin read speech.
aishell_BAC009S0002W0270,演讲者,data/external/aishell/wav/train/S0002/train/S0002/BAC009S0002W0270.wav,S0002,train,native,,Imported from AISHELL-style Mandarin read speech.
aishell_BAC009S0002W0271,总经济师高级研究总监,data/external/aishell/wav/train/S0002/train/S0002/BAC009S0002W0271.wav,S0002,train,native,,Imported from AISHELL-style Mandarin read speech.
aishell_BAC009S0002W0272,周群,data/external/aishell/wav/train/S0002/train/S0002/BAC009S0002W0272.wav,S0002,train,native,,Imported from AISHELL-style Mandarin read speech.
aishell_BAC009S0002W0273,捷孚凯市场咨询中国有限公司,data/external/aishell/wav/train/S0002/train/S0002/BAC009S0002W0273.wav,S0002,train,native,,Imported from AISHELL-style Mandarin read speech.
aishell_BAC009S0002W0274,亚洲传媒的未来与黎瑞刚的炉边谈话,data/external/aishell/wav/train/S0002/train/S0002/BAC009S0002W0274.wav,S0002,train,native,,Imported from AISHELL-style Mandarin read speech.
aishell_BAC009S0002W0275,五月二十五日周一,data/external/aishell/wav/train/S0002/train/S0002/BAC009S0002W0275.wav,S0002,train,native,,Imported from AISHELL-style Mandarin read speech.
aishell_BAC009S0002W0276,嘉里大酒店三楼多功能厅三,data/external/aishell/wav/train/S0002/train/S0002/BAC009S0002W0276.wav,S0002,train,native,,Imported from AISHELL-style Mandarin read speech.
aishell_BAC009S0002W0277,科技在电影电视和数字制作领域的影响力,data/external/aishell/wav/train/S0002/train/S0002/BAC009S0002W0277.wav,S0002,train,native,,Imported from AISHELL-style Mandarin read speech.
aishell_BAC009S0002W0278,以及对其内容分发营销和货币化的影响,data/external/aishell/wav/train/S0002/train/S0002/BAC009S0002W0278.wav,S0002,train,native,,Imported from AISHELL-style Mandarin read speech.
aishell_BAC009S0002W0279,主持人,data/external/aishell/wav/train/S0002/train/S0002/BAC009S0002W0279.wav,S0002,train,native,,Imported from AISHELL-style Mandarin read speech.
aishell_BAC009S0002W0280,华为手机,data/external/aishell/wav/train/S0002/train/S0002/BAC009S0002W0280.wav,S0002,train,native,,Imported from AISHELL-style Mandarin read speech.
aishell_BAC009S0002W0281,华人文化产业投资基金,data/external/aishell/wav/train/S0002/train/S0002/BAC009S0002W0281.wav,S0002,train,native,,Imported from AISHELL-style Mandarin read speech.
aishell_BAC009S0002W0282,五月二十五日周一,data/external/aishell/wav/train/S0002/train/S0002/BAC009S0002W0282.wav,S0002,train,native,,Imported from AISHELL-style Mandarin read speech.
aishell_BAC009S0002W0283,嘉里大酒店三楼浦东宴会厅三,data/external/aishell/wav/train/S0002/train/S0002/BAC009S0002W0283.wav,S0002,train,native,,Imported from AISHELL-style Mandarin read speech.
aishell_BAC009S0002W0284,专家们讨论物联网产品的影响,data/external/aishell/wav/train/S0002/train/S0002/BAC009S0002W0284.wav,S0002,train,native,,Imported from AISHELL-style Mandarin read speech.
aishell_BAC009S0002W0285,包括哪些应用领域将获得广泛普及发生最大变化,data/external/aishell/wav/train/S0002/train/S0002/BAC009S0002W0285.wav,S0002,train,native,,Imported from AISHELL-style Mandarin read speech.
aishell_BAC009S0002W0286,主持人周,data/external/aishell/wav/train/S0002/train/S0002/BAC009S0002W0286.wav,S0002,train,native,,Imported from AISHELL-style Mandarin read speech.
aishell_BAC009S0002W0287,演讲者,data/external/aishell/wav/train/S0002/train/S0002/BAC009S0002W0287.wav,S0002,train,native,,Imported from AISHELL-style Mandarin read speech.
aishell_BAC009S0002W0288,爱特梅尔,data/external/aishell/wav/train/S0002/train/S0002/BAC009S0002W0288.wav,S0002,train,native,,Imported from AISHELL-style Mandarin read speech.
aishell_BAC009S0002W0289,亚太高科技与电子产业主管,data/external/aishell/wav/train/S0002/train/S0002/BAC009S0002W0289.wav,S0002,train,native,,Imported from AISHELL-style Mandarin read speech.
aishell_BAC009S0002W0290,埃森哲,data/external/aishell/wav/train/S0002/train/S0002/BAC009S0002W0290.wav,S0002,train,native,,Imported from AISHELL-style Mandarin read speech.
aishell_BAC009S0002W0291,张程,data/external/aishell/wav/train/S0002/train/S0002/BAC009S0002W0291.wav,S0002,train,native,,Imported from AISHELL-style Mandarin read speech.
aishell_BAC009S0002W0292,首席执行官兼联合创始人,data/external/aishell/wav/train/S0002/train/S0002/BAC009S0002W0292.wav,S0002,train,native,,Imported from AISHELL-style Mandarin read speech.
aishell_BAC009S0002W0293,迈外迪网络科技有限公司,data/external/aishell/wav/train/S0002/train/S0002/BAC009S0002W0293.wav,S0002,train,native,,Imported from AISHELL-style Mandarin read speech.
aishell_BAC009S0002W0294,五月二十六日周二,data/external/aishell/wav/train/S0002/train/S0002/BAC009S0002W0294.wav,S0002,train,native,,Imported from AISHELL-style Mandarin read speech.
aishell_BAC009S0002W0295,嘉里大酒店三楼浦东宴会厅五,data/external/aishell/wav/train/S0002/train/S0002/BAC009S0002W0295.wav,S0002,train,native,,Imported from AISHELL-style Mandarin read speech.
aishell_BAC009S0002W0296,京东已构建了完整开放的智能生态系统,data/external/aishell/wav/train/S0002/train/S0002/BAC009S0002W0296.wav,S0002,train,native,,Imported from AISHELL-style Mandarin read speech.
aishell_BAC009S0002W0297,演讲者翁志,data/external/aishell/wav/train/S0002/train/S0002/BAC009S0002W0297.wav,S0002,train,native,,Imported from AISHELL-style Mandarin read speech.
aishell_BAC009S0002W0298,可穿戴产品技术革命,data/external/aishell/wav/train/S0002/train/S0002/BAC009S0002W0298.wav,S0002,train,native,,Imported from AISHELL-style Mandarin read speech.
aishell_BAC009S0002W0299,五月二十六日周二,data/external/aishell/wav/train/S0002/train/S0002/BAC009S0002W0299.wav,S0002,train,native,,Imported from AISHELL-style Mandarin read speech.
aishell_BAC009S0002W0300,嘉里大酒店三楼浦东宴会厅三,data/external/aishell/wav/train/S0002/train/S0002/BAC009S0002W0300.wav,S0002,train,native,,Imported from AISHELL-style Mandarin read speech.
aishell_BAC009S0002W0301,从智能手表到带嵌入式电子的健身手镯珠宝和衣服,data/external/aishell/wav/train/S0002/train/S0002/BAC009S0002W0301.wav,S0002,train,native,,Imported from AISHELL-style Mandarin read speech.
aishell_BAC009S0002W0302,博士,data/external/aishell/wav/train/S0002/train/S0002/BAC009S0002W0302.wav,S0002,train,native,,Imported from AISHELL-style Mandarin read speech.
aishell_BAC009S0002W0303,比如有参观者要合照,data/external/aishell/wav/train/S0002/train/S0002/BAC009S0002W0303.wav,S0002,train,native,,Imported from AISHELL-style Mandarin read speech.
aishell_BAC009S0002W0304,它会主动说不如搂着我的腰吧,data/external/aishell/wav/train/S0002/train/S0002/BAC009S0002W0304.wav,S0002,train,native,,Imported from AISHELL-style Mandarin read speech.
aishell_BAC009S0002W0305,类似的机器人在国内部分银行网点已经在使用,data/external/aishell/wav/train/S0002/train/S0002/BAC009S0002W0305.wav,S0002,train,native,,Imported from AISHELL-style Mandarin read speech.
aishell_BAC009S0002W0306,看点二它主动送上热咖啡,data/external/aishell/wav/train/S0002/train/S0002/BAC009S0002W0306.wav,S0002,train,native,,Imported from AISHELL-style Mandarin read speech.
aishell_BAC009S0002W0307,昨日当有人上到机器人大世界二楼的时候,data/external/aishell/wav/train/S0002/train/S0002/BAC009S0002W0307.wav,S0002,train,native,,Imported from AISHELL-style Mandarin read speech.
aishell_BAC009S0002W0308,稳稳地将将稳稳地将咖啡递到客户面前,data/external/aishell/wav/train/S0002/train/S0002/BAC009S0002W0308.wav,S0002,train,native,,Imported from AISHELL-style Mandarin read speech.
aishell_BAC009S0002W0309,主要运用在国内的一些餐厅里,data/external/aishell/wav/train/S0002/train/S0002/BAC009S0002W0309.wav,S0002,train,native,,Imported from AISHELL-style Mandarin read speech.
aishell_BAC009S0002W0310,据机器人服务员的生产厂家介绍,data/external/aishell/wav/train/S0002/train/S0002/BAC009S0002W0310.wav,S0002,train,native,,Imported from AISHELL-style Mandarin read speech.
aishell_BAC009S0002W0311,这样的一台服务型机器人售价约五万元左右,data/external/aishell/wav/train/S0002/train/S0002/BAC009S0002W0311.wav,S0002,train,native,,Imported from AISHELL-style Mandarin read speech.
aishell_BAC009S0002W0312,只要提前设置好程序规划好路线,data/external/aishell/wav/train/S0002/train/S0002/BAC009S0002W0312.wav,S0002,train,native,,Imported from AISHELL-style Mandarin read speech.
aishell_BAC009S0002W0313,机器人就会来到顾客的座位前,data/external/aishell/wav/train/S0002/train/S0002/BAC009S0002W0313.wav,S0002,train,native,,Imported from AISHELL-style Mandarin read speech.
aishell_BAC009S0002W0314,顾客只需点击机器人脸部的显示屏,data/external/aishell/wav/train/S0002/train/S0002/BAC009S0002W0314.wav,S0002,train,native,,Imported from AISHELL-style Mandarin read speech.
aishell_BAC009S0002W0315,选好自己喜欢的饮料品种,data/external/aishell/wav/train/S0002/train/S0002/BAC009S0002W0315.wav,S0002,train,native,,Imported from AISHELL-style Mandarin read speech.
aishell_BAC009S0002W0316,餐厅的制作台就会实时收到订单消息,data/external/aishell/wav/train/S0002/train/S0002/BAC009S0002W0316.wav,S0002,train,native,,Imported from AISHELL-style Mandarin read speech.
aishell_BAC009S0002W0317,机器人会自动走到餐台拿餐点,data/external/aishell/wav/train/S0002/train/S0002/BAC009S0002W0317.wav,S0002,train,native,,Imported from AISHELL-style Mandarin read speech.
aishell_BAC009S0002W0318,再折返将东西送到顾客的桌前,data/external/aishell/wav/train/S0002/train/S0002/BAC009S0002W0318.wav,S0002,train,native,,Imported from AISHELL-style Mandarin read speech.
aishell_BAC009S0002W0319,看点三它们是国内第一代消防机器人,data/external/aishell/wav/train/S0002/train/S0002/BAC009S0002W0319.wav,S0002,train,native,,Imported from AISHELL-style Mandarin read speech.
aishell_BAC009S0002W0320,昨日亮相的还有国内第一代消防机器人,data/external/aishell/wav/train/S0002/train/S0002/BAC009S0002W0320.wav,S0002,train,native,,Imported from AISHELL-style Mandarin read speech.
aishell_BAC009S0002W0321,有效保护消防员的人身安全,data/external/aishell/wav/train/S0002/train/S0002/BAC009S0002W0321.wav,S0002,train,native,,Imported from AISHELL-style Mandarin read speech.
aishell_BAC009S0002W0322,消防机器人制造商表示,data/external/aishell/wav/train/S0002/train/S0002/BAC009S0002W0322.wav,S0002,train,native,,Imported from AISHELL-style Mandarin read speech.
aishell_BAC009S0002W0323,在人员不易接近的火灾扑救等领域,data/external/aishell/wav/train/S0002/train/S0002/BAC009S0002W0323.wav,S0002,train,native,,Imported from AISHELL-style Mandarin read speech.
aishell_BAC009S0002W0324,帮助消防员及时扑灭火灾,data/external/aishell/wav/train/S0002/train/S0002/BAC009S0002W0324.wav,S0002,train,native,,Imported from AISHELL-style Mandarin read speech.
aishell_BAC009S0002W0325,看点四它琴棋书画样样精,data/external/aishell/wav/train/S0002/train/S0002/BAC009S0002W0325.wav,S0002,train,native,,Imported from AISHELL-style Mandarin read speech.
aishell_BAC009S0002W0326,很多机器人都能下棋,data/external/aishell/wav/train/S0002/train/S0002/BAC009S0002W0326.wav,S0002,train,native,,Imported from AISHELL-style Mandarin read speech.
aishell_BAC009S0002W0327,现场的工作人员拿起五子棋在棋盘上放下,data/external/aishell/wav/train/S0002/train/S0002/BAC009S0002W0327.wav,S0002,train,native,,Imported from AISHELL-style Mandarin read speech.
aishell_BAC009S0002W0328,机器人就能用灵敏的手抓起棋子,data/external/aishell/wav/train/S0002/train/S0002/BAC009S0002W0328.wav,S0002,train,native,,Imported from AISHELL-style Mandarin read speech.
aishell_BAC009S0002W0329,和人进行对弈比拼棋艺,data/external/aishell/wav/train/S0002/train/S0002/BAC009S0002W0329.wav,S0002,train,native,,Imported from AISHELL-style Mandarin read speech.
aishell_BAC009S0002W0330,据参展单位负责人介绍,data/external/aishell/wav/train/S0002/train/S0002/BAC009S0002W0330.wav,S0002,train,native,,Imported from AISHELL-style Mandarin read speech.
aishell_BAC009S0002W0331,类似的五子棋机器人,data/external/aishell/wav/train/S0002/train/S0002/BAC009S0002W0331.wav,S0002,train,native,,Imported from AISHELL-style Mandarin read speech.
aishell_BAC009S0002W0332,机器人都被提前输入五子棋棋谱程序,data/external/aishell/wav/train/S0002/train/S0002/BAC009S0002W0332.wav,S0002,train,native,,Imported from AISHELL-style Mandarin read speech.
aishell_BAC009S0002W0333,有兴趣的市民届时可以到展位前和机器人对弈一番,data/external/aishell/wav/train/S0002/train/S0002/BAC009S0002W0333.wav,S0002,train,native,,Imported from AISHELL-style Mandarin read speech.
aishell_BAC009S0002W0334,看看谁的棋艺更加精湛,data/external/aishell/wav/train/S0002/train/S0002/BAC009S0002W0334.wav,S0002,train,native,,Imported from AISHELL-style Mandarin read speech.
aishell_BAC009S0002W0335,它们的才艺还包括绘画,data/external/aishell/wav/train/S0002/train/S0002/BAC009S0002W0335.wav,S0002,train,native,,Imported from AISHELL-style Mandarin read speech.
aishell_BAC009S0002W0336,市民只需拿起手机拍下照片,data/external/aishell/wav/train/S0002/train/S0002/BAC009S0002W0336.wav,S0002,train,native,,Imported from AISHELL-style Mandarin read speech.
aishell_BAC009S0002W0337,通过无线蓝牙传到电脑上,data/external/aishell/wav/train/S0002/train/S0002/BAC009S0002W0337.wav,S0002,train,native,,Imported from AISHELL-style Mandarin read speech.
aishell_BAC009S0002W0338,杭州成功获得二零二二年亚运会举办权,data/external/aishell/wav/train/S0002/train/S0002/BAC009S0002W0338.wav,S0002,train,native,,Imported from AISHELL-style Mandarin read speech.
aishell_BAC009S0002W0339,杭州的申办工作一路走得胸有成竹,data/external/aishell/wav/train/S0002/train/S0002/BAC009S0002W0339.wav,S0002,train,native,,Imported from AISHELL-style Mandarin read speech.
aishell_BAC009S0002W0340,杭州正式提出申办二零二二年第十九届亚运会,data/external/aishell/wav/train/S0002/train/S0002/BAC009S0002W0340.wav,S0002,train,native,,Imported from AISHELL-style Mandarin read speech.
aishell_BAC009S0002W0341,便为这次申办展开了紧锣密鼓的筹备工作,data/external/aishell/wav/train/S0002/train/S0002/BAC009S0002W0341.wav,S0002,train,native,,Imported from AISHELL-style Mandarin read speech.
aishell_BAC009S0002W0342,作为浙江省省会城市的杭州,data/external/aishell/wav/train/S0002/train/S0002/BAC009S0002W0342.wav,S0002,train,native,,Imported from AISHELL-style Mandarin read speech.
aishell_BAC009S0002W0343,杭州奥体中心仅与西湖区一江之隔,data/external/aishell/wav/train/S0002/train/S0002/BAC009S0002W0343.wav,S0002,train,native,,Imported from AISHELL-style Mandarin read speech.
aishell_BAC009S0002W0344,即将于二零一七年交付使用,data/external/aishell/wav/train/S0002/train/S0002/BAC009S0002W0344.wav,S0002,train,native,,Imported from AISHELL-style Mandarin read speech.
aishell_BAC009S0002W0345,包括八万人主体育场游泳馆等,data/external/aishell/wav/train/S0002/train/S0002/BAC009S0002W0345.wav,S0002,train,native,,Imported from AISHELL-style Mandarin read speech.
aishell_BAC009S0002W0346,可举办全国性洲际性世界性的体育赛事,data/external/aishell/wav/train/S0002/train/S0002/BAC009S0002W0346.wav,S0002,train,native,,Imported from AISHELL-style Mandarin read speech.
aishell_BAC009S0002W0347,二零一八年还将举办第十四届世界短池游泳锦标赛,data/external/aishell/wav/train/S0002/train/S0002/BAC009S0002W0347.wav,S0002,train,native,,Imported from AISHELL-style Mandarin read speech.
aishell_BAC009S0002W0348,为杭州概念股涨停点赞,data/external/aishell/wav/train/S0002/train/S0002/BAC009S0002W0348.wav,S0002,train,native,,Imported from AISHELL-style Mandarin read speech.
aishell_BAC009S0002W0349,虽然杭州将为亚运会投入多少还没有官方声音流出,data/external/aishell/wav/train/S0002/train/S0002/BAC009S0002W0349.wav,S0002,train,native,,Imported from AISHELL-style Mandarin read speech.
aishell_BAC009S0002W0350,总计或超越五年前的广州亚运会,data/external/aishell/wav/train/S0002/train/S0002/BAC009S0002W0350.wav,S0002,train,native,,Imported from AISHELL-style Mandarin read speech.
aishell_BAC009S0002W0351,达到一千二百多亿人民币,data/external/aishell/wav/train/S0002/train/S0002/BAC009S0002W0351.wav,S0002,train,native,,Imported from AISHELL-style Mandarin read speech.
aishell_BAC009S0002W0352,据上海证券报报道,data/external/aishell/wav/train/S0002/train/S0002/BAC009S0002W0352.wav,S0002,train,native,,Imported from AISHELL-style Mandarin read speech.
aishell_BAC009S0002W0353,八月三十日发布的一份券商研报指出,data/external/aishell/wav/train/S0002/train/S0002/BAC009S0002W0353.wav,S0002,train,native,,Imported from AISHELL-style Mandarin read speech.
aishell_BAC009S0002W0354,对比广州投入的一千二百亿元,data/external/aishell/wav/train/S0002/train/S0002/BAC009S0002W0354.wav,S0002,train,native,,Imported from AISHELL-style Mandarin read speech.
aishell_BAC009S0002W0355,预计杭州举办亚运会的投入将只多不少,data/external/aishell/wav/train/S0002/train/S0002/BAC009S0002W0355.wav,S0002,train,native,,Imported from AISHELL-style Mandarin read speech.
aishell_BAC009S0002W0356,围绕亚运会进行的城市改造的资金投入,data/external/aishell/wav/train/S0002/train/S0002/BAC009S0002W0356.wav,S0002,train,native,,Imported from AISHELL-style Mandarin read speech.
aishell_BAC009S0002W0357,除了场馆建设维护亚运会运行资金外,data/external/aishell/wav/train/S0002/train/S0002/BAC009S0002W0357.wav,S0002,train,native,,Imported from AISHELL-style Mandarin read speech.
aishell_BAC009S0002W0358,主要用于城市面貌和环境改善,data/external/aishell/wav/train/S0002/train/S0002/BAC009S0002W0358.wav,S0002,train,native,,Imported from AISHELL-style Mandarin read speech.
aishell_BAC009S0002W0359,包括地铁建设城市道路桥梁和基础设施,data/external/aishell/wav/train/S0002/train/S0002/BAC009S0002W0359.wav,S0002,train,native,,Imported from AISHELL-style Mandarin read speech.
aishell_BAC009S0002W0360,以及环境综合整治工业污水治理等经费,data/external/aishell/wav/train/S0002/train/S0002/BAC009S0002W0360.wav,S0002,train,native,,Imported from AISHELL-style Mandarin read speech.
aishell_BAC009S0002W0361,这一系列工程和项目的开展,data/external/aishell/wav/train/S0002/train/S0002/BAC009S0002W0361.wav,S0002,train,native,,Imported from AISHELL-style Mandarin read speech.
aishell_BAC009S0002W0362,有望首先令杭州以及浙江当地的基建上市公司获益,data/external/aishell/wav/train/S0002/train/S0002/BAC009S0002W0362.wav,S0002,train,native,,Imported from AISHELL-style Mandarin read speech.
aishell_BAC009S0002W0363,精工钢构亚厦股份杭钢股份等值得关注,data/external/aishell/wav/train/S0002/train/S0002/BAC009S0002W0363.wav,S0002,train,native,,Imported from AISHELL-style Mandarin read speech.
aishell_BAC009S0002W0364,多个杭州概念股已用逆市涨停来点赞,data/external/aishell/wav/train/S0002/train/S0002/BAC009S0002W0364.wav,S0002,train,native,,Imported from AISHELL-style Mandarin read speech.
aishell_BAC009S0002W0365,杭州申办代表团队核心成员中,data/external/aishell/wav/train/S0002/train/S0002/BAC009S0002W0365.wav,S0002,train,native,,Imported from AISHELL-style Mandarin read speech.
aishell_BAC009S0002W0366,还有杭州企业代表阿里巴巴集团副总裁金建杭,data/external/aishell/wav/train/S0002/train/S0002/BAC009S0002W0366.wav,S0002,train,native,,Imported from AISHELL-style Mandarin read speech.
aishell_BAC009S0002W0367,这届亚运会来到阿里巴巴总部,data/external/aishell/wav/train/S0002/train/S0002/BAC009S0002W0367.wav,S0002,train,native,,Imported from AISHELL-style Mandarin read speech.
aishell_BAC009S0002W0368,不办一届淘宝亚运会怎么说得过去,data/external/aishell/wav/train/S0002/train/S0002/BAC009S0002W0368.wav,S0002,train,native,,Imported from AISHELL-style Mandarin read speech.
aishell_BAC009S0002W0369,作为一个民营经济大省,data/external/aishell/wav/train/S0002/train/S0002/BAC009S0002W0369.wav,S0002,train,native,,Imported from AISHELL-style Mandarin read speech.
aishell_BAC009S0002W0370,浙江的民营企业有着极为灵敏的商业嗅觉,data/external/aishell/wav/train/S0002/train/S0002/BAC009S0002W0370.wav,S0002,train,native,,Imported from AISHELL-style Mandarin read speech.
aishell_BAC009S0002W0371,对于处于风口的体育产业,data/external/aishell/wav/train/S0002/train/S0002/BAC009S0002W0371.wav,S0002,train,native,,Imported from AISHELL-style Mandarin read speech.
aishell_BAC009S0002W0372,民间资本对其空前关注,data/external/aishell/wav/train/S0002/train/S0002/BAC009S0002W0372.wav,S0002,train,native,,Imported from AISHELL-style Mandarin read speech.
aishell_BAC009S0002W0373,阿里巴巴集团宣布成立阿里体育集团,data/external/aishell/wav/train/S0002/train/S0002/BAC009S0002W0373.wav,S0002,train,native,,Imported from AISHELL-style Mandarin read speech.
aishell_BAC009S0002W0374,以数字经济思维创新发展体育产业链,data/external/aishell/wav/train/S0002/train/S0002/BAC009S0002W0374.wav,S0002,train,native,,Imported from AISHELL-style Mandarin read speech.
aishell_BAC009S0002W0376,首次为体育产业设立集团公司,data/external/aishell/wav/train/S0002/train/S0002/BAC009S0002W0376.wav,S0002,train,native,,Imported from AISHELL-style Mandarin read speech.
aishell_BAC009S0002W0377,亚运会无疑是阿里体育发展的一个大平台,data/external/aishell/wav/train/S0002/train/S0002/BAC009S0002W0377.wav,S0002,train,native,,Imported from AISHELL-style Mandarin read speech.
aishell_BAC009S0002W0378,在仁川亚运会练了手,data/external/aishell/wav/train/S0002/train/S0002/BAC009S0002W0378.wav,S0002,train,native,,Imported from AISHELL-style Mandarin read speech.
aishell_BAC009S0002W0379,阿里有望借助亚运会布局,data/external/aishell/wav/train/S0002/train/S0002/BAC009S0002W0379.wav,S0002,train,native,,Imported from AISHELL-style Mandarin read speech.
aishell_BAC009S0002W0380,帮助用户将后端交易体系云计算大数据等基础设施,data/external/aishell/wav/train/S0002/train/S0002/BAC009S0002W0380.wav,S0002,train,native,,Imported from AISHELL-style Mandarin read speech.
aishell_BAC009S0002W0382,二零二二中国站上体育风口,data/external/aishell/wav/train/S0002/train/S0002/BAC009S0002W0382.wav,S0002,train,native,,Imported from AISHELL-style Mandarin read speech.
aishell_BAC009S0002W0383,随着亚运会花落杭州,data/external/aishell/wav/train/S0002/train/S0002/BAC009S0002W0383.wav,S0002,train,native,,Imported from AISHELL-style Mandarin read speech.
aishell_BAC009S0002W0384,中国在二零二二年将站在世界体育的风口,data/external/aishell/wav/train/S0002/train/S0002/BAC009S0002W0384.wav,S0002,train,native,,Imported from AISHELL-style Mandarin read speech.
aishell_BAC009S0002W0385,杭州届时能否顺利起飞,data/external/aishell/wav/train/S0002/train/S0002/BAC009S0002W0385.wav,S0002,train,native,,Imported from AISHELL-style Mandarin read speech.
aishell_BAC009S0002W0386,两大综合性体育赛事花落中国,data/external/aishell/wav/train/S0002/train/S0002/BAC009S0002W0386.wav,S0002,train,native,,Imported from AISHELL-style Mandarin read speech.
aishell_BAC009S0002W0387,两大首尾呼应的盛会都有其特殊意义,data/external/aishell/wav/train/S0002/train/S0002/BAC009S0002W0387.wav,S0002,train,native,,Imported from AISHELL-style Mandarin read speech.
aishell_BAC009S0002W0388,浙江省体育局经济处主任王正璋说,data/external/aishell/wav/train/S0002/train/S0002/BAC009S0002W0388.wav,S0002,train,native,,Imported from AISHELL-style Mandarin read speech.
aishell_BAC009S0002W0389,体育产业总规模目标要超过五千亿元,data/external/aishell/wav/train/S0002/train/S0002/BAC009S0002W0389.wav,S0002,train,native,,Imported from AISHELL-style Mandarin read speech.
aishell_BAC009S0002W0390,这意味着八百亿的增量,data/external/aishell/wav/train/S0002/train/S0002/BAC009S0002W0390.wav,S0002,train,native,,Imported from AISHELL-style Mandarin read speech.
aishell_BAC009S0002W0391,亚运会来了世界杯何时来,data/external/aishell/wav/train/S0002/train/S0002/BAC009S0002W0391.wav,S0002,train,native,,Imported from AISHELL-style Mandarin read speech.
aishell_BAC009S0002W0392,更令人瞩目的足球世界杯何时能落户中国,data/external/aishell/wav/train/S0002/train/S0002/BAC009S0002W0392.wav,S0002,train,native,,Imported from AISHELL-style Mandarin read speech.
aishell_BAC009S0002W0393,也是体育迷关心的问题,data/external/aishell/wav/train/S0002/train/S0002/BAC009S0002W0393.wav,S0002,train,native,,Imported from AISHELL-style Mandarin read speech.
aishell_BAC009S0002W0395,在卡塔尔二零二二年举办世界杯后,data/external/aishell/wav/train/S0002/train/S0002/BAC009S0002W0395.wav,S0002,train,native,,Imported from AISHELL-style Mandarin read speech.
aishell_BAC009S0002W0396,中国最早也将等到二零三四年才能申办,data/external/aishell/wav/train/S0002/train/S0002/BAC009S0002W0396.wav,S0002,train,native,,Imported from AISHELL-style Mandarin read speech.
aishell_BAC009S0002W0397,在非洲举办过世界杯后,data/external/aishell/wav/train/S0002/train/S0002/BAC009S0002W0397.wav,S0002,train,native,,Imported from AISHELL-style Mandarin read speech.
aishell_BAC009S0002W0398,国际足联也一直都在关注,data/external/aishell/wav/train/S0002/train/S0002/BAC009S0002W0398.wav,S0002,train,native,,Imported from AISHELL-style Mandarin read speech.
aishell_BAC009S0002W0400,二零三四将是中国的最佳时机,data/external/aishell/wav/train/S0002/train/S0002/BAC009S0002W0400.wav,S0002,train,native,,Imported from AISHELL-style Mandarin read speech.
aishell_BAC009S0002W0401,但中国民间声音虽大,data/external/aishell/wav/train/S0002/train/S0002/BAC009S0002W0401.wav,S0002,train,native,,Imported from AISHELL-style Mandarin read speech.
aishell_BAC009S0002W0402,过去却尚未有过正式的书面申请,data/external/aishell/wav/train/S0002/train/S0002/BAC009S0002W0402.wav,S0002,train,native,,Imported from AISHELL-style Mandarin read speech.
aishell_BAC009S0002W0403,政府也没有过明确表示,data/external/aishell/wav/train/S0002/train/S0002/BAC009S0002W0403.wav,S0002,train,native,,Imported from AISHELL-style Mandarin read speech.
aishell_BAC009S0002W0404,直直盯着前方,data/external/aishell/wav/train/S0002/train/S0002/BAC009S0002W0404.wav,S0002,train,native,,Imported from AISHELL-style Mandarin read speech.
aishell_BAC009S0002W0405,海报最有创意的地方,data/external/aishell/wav/train/S0002/train/S0002/BAC009S0002W0405.wav,S0002,train,native,,Imported from AISHELL-style Mandarin read speech.
aishell_BAC009S0002W0406,还是他的领带,data/external/aishell/wav/train/S0002/train/S0002/BAC009S0002W0406.wav,S0002,train,native,,Imported from AISHELL-style Mandarin read speech.
aishell_BAC009S0002W0407,这条领带的另一端变成了导火索,data/external/aishell/wav/train/S0002/train/S0002/BAC009S0002W0407.wav,S0002,train,native,,Imported from AISHELL-style Mandarin read speech.
aishell_BAC009S0002W0408,过去关咏荷为了女儿息影,data/external/aishell/wav/train/S0002/train/S0002/BAC009S0002W0408.wav,S0002,train,native,,Imported from AISHELL-style Mandarin read speech.
aishell_BAC009S0002W0409,如今虽然复出但还是以家庭为重,data/external/aishell/wav/train/S0002/train/S0002/BAC009S0002W0409.wav,S0002,train,native,,Imported from AISHELL-style Mandarin read speech.
aishell_BAC009S0002W0410,搜狐娱乐讯据香港媒体报道,data/external/aishell/wav/train/S0002/train/S0002/BAC009S0002W0410.wav,S0002,train,native,,Imported from AISHELL-style Mandarin read speech.
aishell_BAC009S0002W0411,关咏荷日前出席护眼活动,data/external/aishell/wav/train/S0002/train/S0002/BAC009S0002W0411.wav,S0002,train,native,,Imported from AISHELL-style Mandarin read speech.
aishell_BAC009S0002W0412,她透露日前以大使身份到四川探访眼疾病童四日,data/external/aishell/wav/train/S0002/train/S0002/BAC009S0002W0412.wav,S0002,train,native,,Imported from AISHELL-style Mandarin read speech.
aishell_BAC009S0002W0414,关咏荷自曝曾打算带女儿同行女儿这么大了,data/external/aishell/wav/train/S0002/train/S0002/BAC009S0002W0414.wav,S0002,train,native,,Imported from AISHELL-style Mandarin read speech.
aishell_BAC009S0002W0415,我有想过带她去,data/external/aishell/wav/train/S0002/train/S0002/BAC009S0002W0415.wav,S0002,train,native,,Imported from AISHELL-style Mandarin read speech.
aishell_BAC009S0002W0416,但她应该还没准备好,data/external/aishell/wav/train/S0002/train/S0002/BAC009S0002W0416.wav,S0002,train,native,,Imported from AISHELL-style Mandarin read speech.
aishell_BAC009S0002W0417,关咏荷还称在当地要野外如厕,data/external/aishell/wav/train/S0002/train/S0002/BAC009S0002W0417.wav,S0002,train,native,,Imported from AISHELL-style Mandarin read speech.
aishell_BAC009S0002W0418,更被昆虫吓到傻了环境好震撼,data/external/aishell/wav/train/S0002/train/S0002/BAC009S0002W0418.wav,S0002,train,native,,Imported from AISHELL-style Mandarin read speech.
aishell_BAC009S0002W0419,自己以往拍剧对于野外如厕都习惯了,data/external/aishell/wav/train/S0002/train/S0002/BAC009S0002W0419.wav,S0002,train,native,,Imported from AISHELL-style Mandarin read speech.
aishell_BAC009S0002W0420,但却被这次路途中加油站的厕所吓到,data/external/aishell/wav/train/S0002/train/S0002/BAC009S0002W0420.wav,S0002,train,native,,Imported from AISHELL-style Mandarin read speech.
aishell_BAC009S0002W0421,因为布满了昆虫,data/external/aishell/wav/train/S0002/train/S0002/BAC009S0002W0421.wav,S0002,train,native,,Imported from AISHELL-style Mandarin read speech.
aishell_BAC009S0002W0422,如果带女儿去可能吓死她,data/external/aishell/wav/train/S0002/train/S0002/BAC009S0002W0422.wav,S0002,train,native,,Imported from AISHELL-style Mandarin read speech.
aishell_BAC009S0002W0423,黄毅清见女儿后首度感谢黄奕娱乐频道,data/external/aishell/wav/train/S0002/train/S0002/BAC009S0002W0423.wav,S0002,train,native,,Imported from AISHELL-style Mandarin read speech.
aishell_BAC009S0002W0424,黄奕前夫黄毅清将出书记录与女儿的成长故事,data/external/aishell/wav/train/S0002/train/S0002/BAC009S0002W0424.wav,S0002,train,native,,Imported from AISHELL-style Mandarin read speech.
aishell_BAC009S0002W0425,搜狐娱乐讯九月十六日消息,data/external/aishell/wav/train/S0002/train/S0002/BAC009S0002W0425.wav,S0002,train,native,,Imported from AISHELL-style Mandarin read speech.
aishell_BAC009S0002W0426,据台湾媒体报道,data/external/aishell/wav/train/S0002/train/S0002/BAC009S0002W0426.wav,S0002,train,native,,Imported from AISHELL-style Mandarin read speech.
aishell_BAC009S0002W0427,三十九岁的关颖女儿已三个多月大,data/external/aishell/wav/train/S0002/train/S0002/BAC009S0002W0427.wav,S0002,train,native,,Imported from AISHELL-style Mandarin read speech.
aishell_BAC009S0002W0428,女儿直挺挺地被她抱着,data/external/aishell/wav/train/S0002/train/S0002/BAC009S0002W0428.wav,S0002,train,native,,Imported from AISHELL-style Mandarin read speech.
aishell_BAC009S0002W0429,肉肉身材可爱爆表,data/external/aishell/wav/train/S0002/train/S0002/BAC009S0002W0429.wav,S0002,train,native,,Imported from AISHELL-style Mandarin read speech.
aishell_BAC009S0002W0430,中新网六月二日电据台湾中国时报即时消息,data/external/aishell/wav/train/S0002/train/S0002/BAC009S0002W0430.wav,S0002,train,native,,Imported from AISHELL-style Mandarin read speech.
aishell_BAC009S0002W0431,西夏区农科所小学门口发生一起交通事故,data/external/aishell/wav/train/S0002/train/S0002/BAC009S0002W0431.wav,S0002,train,native,,Imported from AISHELL-style Mandarin read speech.
aishell_BAC009S0002W0432,一辆无牌照的二轮摩托车与一名五岁小孩发生碰撞,data/external/aishell/wav/train/S0002/train/S0002/BAC009S0002W0432.wav,S0002,train,native,,Imported from AISHELL-style Mandarin read speech.
aishell_BAC009S0002W0433,孩子被送往医院抢救无效后死亡,data/external/aishell/wav/train/S0002/train/S0002/BAC009S0002W0433.wav,S0002,train,native,,Imported from AISHELL-style Mandarin read speech.
aishell_BAC009S0002W0434,事故原因正在进一步调查之中,data/external/aishell/wav/train/S0002/train/S0002/BAC009S0002W0434.wav,S0002,train,native,,Imported from AISHELL-style Mandarin read speech.
aishell_BAC009S0002W0435,五岁智障儿走失三百天母亲曾放弃寻找悔恨不已,data/external/aishell/wav/train/S0002/train/S0002/BAC009S0002W0435.wav,S0002,train,native,,Imported from AISHELL-style Mandarin read speech.
aishell_BAC009S0002W0436,五岁男孩下身被烧伤称玩伴拿油汽淋他并点燃裤子,data/external/aishell/wav/train/S0002/train/S0002/BAC009S0002W0436.wav,S0002,train,native,,Imported from AISHELL-style Mandarin read speech.
aishell_BAC009S0002W0437,五岁男孩下身被烧伤,data/external/aishell/wav/train/S0002/train/S0002/BAC009S0002W0437.wav,S0002,train,native,,Imported from AISHELL-style Mandarin read speech.
aishell_BAC009S0002W0438,警方在事发现场进行调查取证照片来自网络,data/external/aishell/wav/train/S0002/train/S0002/BAC009S0002W0438.wav,S0002,train,native,,Imported from AISHELL-style Mandarin read speech.
aishell_BAC009S0002W0439,五岁男孩患白血病扛过十三次化疗期待早点上学,data/external/aishell/wav/train/S0002/train/S0002/BAC009S0002W0439.wav,S0002,train,native,,Imported from AISHELL-style Mandarin read speech.
aishell_BAC009S0002W0440,记者蔡君彦许文俊摄影本报讯我想上学,data/external/aishell/wav/train/S0002/train/S0002/BAC009S0002W0440.wav,S0002,train,native,,Imported from AISHELL-style Mandarin read speech.
aishell_BAC009S0002W0441,一脸不情愿地埋怨道,data/external/aishell/wav/train/S0002/train/S0002/BAC009S0002W0441.wav,S0002,train,native,,Imported from AISHELL-style Mandarin read speech.
aishell_BAC009S0002W0442,妈妈崔女士强装笑脸安慰他,data/external/aishell/wav/train/S0002/train/S0002/BAC009S0002W0442.wav,S0002,train,native,,Imported from AISHELL-style Mandarin read speech.
aishell_BAC009S0002W0443,走出病房后却忍不住哗哗的眼泪,data/external/aishell/wav/train/S0002/train/S0002/BAC009S0002W0443.wav,S0002,train,native,,Imported from AISHELL-style Mandarin read speech.
aishell_BAC009S0002W0444,孩子患白血病三年多来,data/external/aishell/wav/train/S0002/train/S0002/BAC009S0002W0444.wav,S0002,train,native,,Imported from AISHELL-style Mandarin read speech.
aishell_BAC009S0002W0445,她原本盼着孩子恢复后今秋能顺利入学,data/external/aishell/wav/train/S0002/train/S0002/BAC009S0002W0445.wav,S0002,train,native,,Imported from AISHELL-style Mandarin read speech.
aishell_BAC009S0002W0446,没想到却等来了病情复发的消息,data/external/aishell/wav/train/S0002/train/S0002/BAC009S0002W0446.wav,S0002,train,native,,Imported from AISHELL-style Mandarin read speech.
aishell_BAC009S0002W0447,五岁男孩背负宝剑负气出走因祖母逗了他一句,data/external/aishell/wav/train/S0002/train/S0002/BAC009S0002W0447.wav,S0002,train,native,,Imported from AISHELL-style Mandarin read speech.
aishell_BAC009S0002W0448,本报记者陈雷本报通讯员周德峰,data/external/aishell/wav/train/S0002/train/S0002/BAC009S0002W0448.wav,S0002,train,native,,Imported from AISHELL-style Mandarin read speech.
aishell_BAC009S0002W0449,五岁男童从八楼坠下砸到楼下轿车,data/external/aishell/wav/train/S0002/train/S0002/BAC009S0002W0449.wav,S0002,train,native,,Imported from AISHELL-style Mandarin read speech.
aishell_BAC009S0002W0450,男童坠下时先砸到了这辆车,data/external/aishell/wav/train/S0002/train/S0002/BAC009S0002W0450.wav,S0002,train,native,,Imported from AISHELL-style Mandarin read speech.
aishell_BAC009S0002W0451,五岁男童出门玩耍掉入排污管道溺亡,data/external/aishell/wav/train/S0002/train/S0002/BAC009S0002W0451.wav,S0002,train,native,,Imported from AISHELL-style Mandarin read speech.
aishell_BAC009S0002W0452,据说孩子是在这附近不见的,data/external/aishell/wav/train/S0002/train/S0002/BAC009S0002W0452.wav,S0002,train,native,,Imported from AISHELL-style Mandarin read speech.
aishell_BAC009S0002W0453,五岁男童医院看牙两小时后身亡,data/external/aishell/wav/train/S0002/train/S0002/BAC009S0002W0453.wav,S0002,train,native,,Imported from AISHELL-style Mandarin read speech.
aishell_BAC009S0002W0454,鹏鹏的家人再次来到医院,data/external/aishell/wav/train/S0002/train/S0002/BAC009S0002W0454.wav,S0002,train,native,,Imported from AISHELL-style Mandarin read speech.
aishell_BAC009S0002W0455,与院方协商赔偿问题,data/external/aishell/wav/train/S0002/train/S0002/BAC009S0002W0455.wav,S0002,train,native,,Imported from AISHELL-style Mandarin read speech.
aishell_BAC009S0002W0456,妈妈带着鹏鹏前往顺义区首儿李娇儿童医院口腔科看病,data/external/aishell/wav/train/S0002/train/S0002/BAC009S0002W0456.wav,S0002,train,native,,Imported from AISHELL-style Mandarin read speech.
aishell_BAC009S0002W0457,本以为只是一次普通换药,data/external/aishell/wav/train/S0002/train/S0002/BAC009S0002W0457.wav,S0002,train,native,,Imported from AISHELL-style Mandarin read speech.
aishell_BAC009S0002W0458,没想到鹏鹏竟在治疗中意外身亡,data/external/aishell/wav/train/S0002/train/S0002/BAC009S0002W0458.wav,S0002,train,native,,Imported from AISHELL-style Mandarin read speech.
aishell_BAC009S0002W0459,五岁男童台风天失踪三天后找到可惜已命丧溪流,data/external/aishell/wav/train/S0002/train/S0002/BAC009S0002W0459.wav,S0002,train,native,,Imported from AISHELL-style Mandarin read speech.
aishell_BAC009S0002W0460,从八月九日十九时到八月十二日上午十时,data/external/aishell/wav/train/S0002/train/S0002/BAC009S0002W0460.wav,S0002,train,native,,Imported from AISHELL-style Mandarin read speech.
aishell_BAC009S0002W0461,小叮当失联整整六十三个小时,data/external/aishell/wav/train/S0002/train/S0002/BAC009S0002W0461.wav,S0002,train,native,,Imported from AISHELL-style Mandarin read speech.
aishell_BAC009S0002W0462,小叮当的父母亲友,data/external/aishell/wav/train/S0002/train/S0002/BAC009S0002W0462.wav,S0002,train,native,,Imported from AISHELL-style Mandarin read speech.
aishell_BAC009S0002W0463,没有一个人不希望孩子能平安回家,data/external/aishell/wav/train/S0002/train/S0002/BAC009S0002W0463.wav,S0002,train,native,,Imported from AISHELL-style Mandarin read speech.
aishell_BAC009S0002W0464,但是不幸最终还是发生了,data/external/aishell/wav/train/S0002/train/S0002/BAC009S0002W0464.wav,S0002,train,native,,Imported from AISHELL-style Mandarin read speech.
aishell_BAC009S0002W0465,台州仙居警方在当地一处溪流里找到一具男童尸体,data/external/aishell/wav/train/S0002/train/S0002/BAC009S0002W0465.wav,S0002,train,native,,Imported from AISHELL-style Mandarin read speech.
aishell_BAC009S0002W0466,五岁男童在幼儿园内摔成九级伤残院方选择沉默,data/external/aishell/wav/train/S0002/train/S0002/BAC009S0002W0466.wav,S0002,train,native,,Imported from AISHELL-style Mandarin read speech.
aishell_BAC009S0002W0467,新文化讯记者王跃如果时间能够倒流,data/external/aishell/wav/train/S0002/train/S0002/BAC009S0002W0467.wav,S0002,train,native,,Imported from AISHELL-style Mandarin read speech.
aishell_BAC009S0002W0468,我宁可把孩子留在身边照顾,data/external/aishell/wav/train/S0002/train/S0002/BAC009S0002W0468.wav,S0002,train,native,,Imported from AISHELL-style Mandarin read speech.
aishell_BAC009S0002W0469,不送去幼儿园看着左臂依旧缠着绷带,data/external/aishell/wav/train/S0002/train/S0002/BAC009S0002W0469.wav,S0002,train,native,,Imported from AISHELL-style Mandarin read speech.
aishell_BAC009S0002W0470,医疗鉴定结果为九级伤残的宝贝儿子,data/external/aishell/wav/train/S0002/train/S0002/BAC009S0002W0470.wav,S0002,train,native,,Imported from AISHELL-style Mandarin read speech.
aishell_BAC009S0002W0471,林女士心中痛悔莫名幼儿园里男童左臂摔骨折,data/external/aishell/wav/train/S0002/train/S0002/BAC009S0002W0471.wav,S0002,train,native,,Imported from AISHELL-style Mandarin read speech.
aishell_BAC009S0002W0472,五岁男童家门口玩耍时失踪疑被陌生女子拐走,data/external/aishell/wav/train/S0002/train/S0002/BAC009S0002W0472.wav,S0002,train,native,,Imported from AISHELL-style Mandarin read speech.
aishell_BAC009S0002W0473,警方悬赏五万奖励提供线索者,data/external/aishell/wav/train/S0002/train/S0002/BAC009S0002W0473.wav,S0002,train,native,,Imported from AISHELL-style Mandarin read speech.
aishell_BAC009S0002W0474,五岁男童每天只喝可乐不喝水十四颗牙齿齐根烂掉,data/external/aishell/wav/train/S0002/train/S0002/BAC009S0002W0474.wav,S0002,train,native,,Imported from AISHELL-style Mandarin read speech.
aishell_BAC009S0002W0475,二十八颗牙齿八颗烂得只剩牙根,data/external/aishell/wav/train/S0002/train/S0002/BAC009S0002W0475.wav,S0002,train,native,,Imported from AISHELL-style Mandarin read speech.
aishell_BAC009S0002W0476,五岁男孩不仅吃饭成了难题,data/external/aishell/wav/train/S0002/train/S0002/BAC009S0002W0476.wav,S0002,train,native,,Imported from AISHELL-style Mandarin read speech.
aishell_BAC009S0002W0477,现在就连说话都不清楚了,data/external/aishell/wav/train/S0002/train/S0002/BAC009S0002W0477.wav,S0002,train,native,,Imported from AISHELL-style Mandarin read speech.
aishell_BAC009S0002W0478,这是我当牙科医生三十年来,data/external/aishell/wav/train/S0002/train/S0002/BAC009S0002W0478.wav,S0002,train,native,,Imported from AISHELL-style Mandarin read speech.
aishell_BAC009S0002W0479,碰到的最惨不忍睹的牙齿,data/external/aishell/wav/train/S0002/train/S0002/BAC009S0002W0479.wav,S0002,train,native,,Imported from AISHELL-style Mandarin read speech.
aishell_BAC009S0002W0480,晚上喝了牛奶不刷牙,data/external/aishell/wav/train/S0002/train/S0002/BAC009S0002W0480.wav,S0002,train,native,,Imported from AISHELL-style Mandarin read speech.
aishell_BAC009S0002W0481,这是最伤牙的两个坏习惯,data/external/aishell/wav/train/S0002/train/S0002/BAC009S0002W0481.wav,S0002,train,native,,Imported from AISHELL-style Mandarin read speech.
aishell_BAC009S0002W0482,五岁男童活泼健康遭邻居嫉妒被拐走掐死,data/external/aishell/wav/train/S0002/train/S0002/BAC009S0002W0482.wav,S0002,train,native,,Imported from AISHELL-style Mandarin read speech.
aishell_BAC009S0002W0483,七月二十六日早上九点,data/external/aishell/wav/train/S0002/train/S0002/BAC009S0002W0483.wav,S0002,train,native,,Imported from AISHELL-style Mandarin read speech.
aishell_BAC009S0002W0484,记者从河南新乡市公安局获悉,data/external/aishell/wav/train/S0002/train/S0002/BAC009S0002W0484.wav,S0002,train,native,,Imported from AISHELL-style Mandarin read speech.
aishell_BAC009S0002W0485,备受社会关注的新乡小冀镇五岁男孩王明涵失踪案告破,data/external/aishell/wav/train/S0002/train/S0002/BAC009S0002W0485.wav,S0002,train,native,,Imported from AISHELL-style Mandarin read speech.
aishell_BAC009S0002W0486,新乡小冀镇五岁男孩王明涵在家门口神秘失踪,data/external/aishell/wav/train/S0002/train/S0002/BAC009S0002W0486.wav,S0002,train,native,,Imported from AISHELL-style Mandarin read speech.
aishell_BAC009S0002W0487,牵动了全国观众和网友的心,data/external/aishell/wav/train/S0002/train/S0002/BAC009S0002W0487.wav,S0002,train,native,,Imported from AISHELL-style Mandarin read speech.
aishell_BAC009S0002W0488,经新乡市县两级公安机关连续十七个昼夜强力攻坚,data/external/aishell/wav/train/S0002/train/S0002/BAC009S0002W0488.wav,S0002,train,native,,Imported from AISHELL-style Mandarin read speech.
aishell_BAC009S0002W0489,于七月二十五日夜成功侦破该案,data/external/aishell/wav/train/S0002/train/S0002/BAC009S0002W0489.wav,S0002,train,native,,Imported from AISHELL-style Mandarin read speech.
aishell_BAC009S0002W0490,犯罪嫌疑人李某某已归案,data/external/aishell/wav/train/S0002/train/S0002/BAC009S0002W0490.wav,S0002,train,native,,Imported from AISHELL-style Mandarin read speech.
aishell_BAC009S0002W0491,失踪儿童王明涵不幸遇害,data/external/aishell/wav/train/S0002/train/S0002/BAC009S0002W0491.wav,S0002,train,native,,Imported from AISHELL-style Mandarin read speech.
aishell_BAC009S0002W0492,孩子遗体在李某某家院花池内挖出,data/external/aishell/wav/train/S0002/train/S0002/BAC009S0002W0492.wav,S0002,train,native,,Imported from AISHELL-style Mandarin read speech.
aishell_BAC009S0002W0493,嫌疑人李某某是涵涵家邻居,data/external/aishell/wav/train/S0002/train/S0002/BAC009S0002W0493.wav,S0002,train,native,,Imported from AISHELL-style Mandarin read speech.
aishell_BAC009S0002W0494,五岁男童肝癌晚期医生忠告六种零食有毒,data/external/aishell/wav/train/S0002/train/S0002/BAC009S0002W0494.wav,S0002,train,native,,Imported from AISHELL-style Mandarin read speech.
aishell_BAC009S0002W0495,一般人都以为是中老年人才会得的癌症,data/external/aishell/wav/train/S0002/train/S0002/BAC009S0002W0495.wav,S0002,train,native,,Imported from AISHELL-style Mandarin read speech.
aishell_BAC009S0003W0121,这些高净值人士都是上述房企海外项目的潜在客群,data/external/aishell/wav/train/S0003/train/S0003/BAC009S0003W0121.wav,S0003,train,native,,Imported from AISHELL-style Mandarin read speech.
aishell_BAC009S0003W0122,多家在海外开发项目的房企负责人也表示,data/external/aishell/wav/train/S0003/train/S0003/BAC009S0003W0122.wav,S0003,train,native,,Imported from AISHELL-style Mandarin read speech.
aishell_BAC009S0003W0123,他们项目锁定的主要客户群就是有海外置业需求的华人,data/external/aishell/wav/train/S0003/train/S0003/BAC009S0003W0123.wav,S0003,train,native,,Imported from AISHELL-style Mandarin read speech.
aishell_BAC009S0003W0124,同策咨询研究部总监张宏伟认为,data/external/aishell/wav/train/S0003/train/S0003/BAC009S0003W0124.wav,S0003,train,native,,Imported from AISHELL-style Mandarin read speech.
aishell_BAC009S0003W0125,国外大多数发达经济在复苏,data/external/aishell/wav/train/S0003/train/S0003/BAC009S0003W0125.wav,S0003,train,native,,Imported from AISHELL-style Mandarin read speech.
aishell_BAC009S0003W0126,房地产仍然处于价值低估阶段,data/external/aishell/wav/train/S0003/train/S0003/BAC009S0003W0126.wav,S0003,train,native,,Imported from AISHELL-style Mandarin read speech.
aishell_BAC009S0003W0127,国内房企买地开发项目刚好处于抄底的阶段,data/external/aishell/wav/train/S0003/train/S0003/BAC009S0003W0127.wav,S0003,train,native,,Imported from AISHELL-style Mandarin read speech.
aishell_BAC009S0003W0128,市场周期的特征决定品牌房企继续积极布局海外市场,data/external/aishell/wav/train/S0003/train/S0003/BAC009S0003W0128.wav,S0003,train,native,,Imported from AISHELL-style Mandarin read speech.
aishell_BAC009S0003W0129,部分大型房企的全国化布局基本完成,data/external/aishell/wav/train/S0003/train/S0003/BAC009S0003W0129.wav,S0003,train,native,,Imported from AISHELL-style Mandarin read speech.
aishell_BAC009S0003W0130,从战略布局角度需要国际化,data/external/aishell/wav/train/S0003/train/S0003/BAC009S0003W0130.wav,S0003,train,native,,Imported from AISHELL-style Mandarin read speech.
aishell_BAC009S0003W0131,因此业务上也会逐步实现海外与国内的二八原则,data/external/aishell/wav/train/S0003/train/S0003/BAC009S0003W0131.wav,S0003,train,native,,Imported from AISHELL-style Mandarin read speech.
aishell_BAC009S0003W0132,房地产开启互联网元年,data/external/aishell/wav/train/S0003/train/S0003/BAC009S0003W0132.wav,S0003,train,native,,Imported from AISHELL-style Mandarin read speech.
aishell_BAC009S0003W0133,在这个互联网的时代,data/external/aishell/wav/train/S0003/train/S0003/BAC009S0003W0133.wav,S0003,train,native,,Imported from AISHELL-style Mandarin read speech.
aishell_BAC009S0003W0134,任何一个企业的创新之路都绕不开它,data/external/aishell/wav/train/S0003/train/S0003/BAC009S0003W0134.wav,S0003,train,native,,Imported from AISHELL-style Mandarin read speech.
aishell_BAC009S0003W0135,截至二零一四年十月份,data/external/aishell/wav/train/S0003/train/S0003/BAC009S0003W0135.wav,S0003,train,native,,Imported from AISHELL-style Mandarin read speech.
aishell_BAC009S0003W0136,中国移动互联网用户已达到八点七四亿,data/external/aishell/wav/train/S0003/train/S0003/BAC009S0003W0136.wav,S0003,train,native,,Imported from AISHELL-style Mandarin read speech.
aishell_BAC009S0003W0137,这个庞大的市场用户量吸引着每一个传统行业向其靠近,data/external/aishell/wav/train/S0003/train/S0003/BAC009S0003W0137.wav,S0003,train,native,,Imported from AISHELL-style Mandarin read speech.
aishell_BAC009S0003W0138,包括传统的房地产企业,data/external/aishell/wav/train/S0003/train/S0003/BAC009S0003W0138.wav,S0003,train,native,,Imported from AISHELL-style Mandarin read speech.
aishell_BAC009S0003W0139,被称为房地产行业的互联网,data/external/aishell/wav/train/S0003/train/S0003/BAC009S0003W0139.wav,S0003,train,native,,Imported from AISHELL-style Mandarin read speech.
aishell_BAC009S0003W0140,几乎每家房企的老板都在谈如何互联,data/external/aishell/wav/train/S0003/train/S0003/BAC009S0003W0140.wav,S0003,train,native,,Imported from AISHELL-style Mandarin read speech.
aishell_BAC009S0003W0141,无论是营销方式变革,data/external/aishell/wav/train/S0003/train/S0003/BAC009S0003W0141.wav,S0003,train,native,,Imported from AISHELL-style Mandarin read speech.
aishell_BAC009S0003W0142,甚至在房企未来战略布局中,data/external/aishell/wav/train/S0003/train/S0003/BAC009S0003W0142.wav,S0003,train,native,,Imported from AISHELL-style Mandarin read speech.
aishell_BAC009S0003W0143,怎么完成传统房企与互联网融合落地都是其研究的大事,data/external/aishell/wav/train/S0003/train/S0003/BAC009S0003W0143.wav,S0003,train,native,,Imported from AISHELL-style Mandarin read speech.
aishell_BAC009S0003W0144,纵观所有房企触网的动作,data/external/aishell/wav/train/S0003/train/S0003/BAC009S0003W0144.wav,S0003,train,native,,Imported from AISHELL-style Mandarin read speech.
aishell_BAC009S0003W0145,目前尚未形成一个成熟的运营模式,data/external/aishell/wav/train/S0003/train/S0003/BAC009S0003W0145.wav,S0003,train,native,,Imported from AISHELL-style Mandarin read speech.
aishell_BAC009S0003W0146,从营销端口切入以零二零模式卖房,data/external/aishell/wav/train/S0003/train/S0003/BAC009S0003W0146.wav,S0003,train,native,,Imported from AISHELL-style Mandarin read speech.
aishell_BAC009S0003W0147,似乎是房企目前得到的能最快最直接产生效果的合作,data/external/aishell/wav/train/S0003/train/S0003/BAC009S0003W0147.wav,S0003,train,native,,Imported from AISHELL-style Mandarin read speech.
aishell_BAC009S0003W0148,这对房企的意义确实不小,data/external/aishell/wav/train/S0003/train/S0003/BAC009S0003W0148.wav,S0003,train,native,,Imported from AISHELL-style Mandarin read speech.
aishell_BAC009S0003W0149,变革营销方式增加营销节点的同时,data/external/aishell/wav/train/S0003/train/S0003/BAC009S0003W0149.wav,S0003,train,native,,Imported from AISHELL-style Mandarin read speech.
aishell_BAC009S0003W0150,运营资源的时代到来,data/external/aishell/wav/train/S0003/train/S0003/BAC009S0003W0150.wav,S0003,train,native,,Imported from AISHELL-style Mandarin read speech.
aishell_BAC009S0003W0151,我们看到前有马云对赌王健林,data/external/aishell/wav/train/S0003/train/S0003/BAC009S0003W0151.wav,S0003,train,native,,Imported from AISHELL-style Mandarin read speech.
aishell_BAC009S0003W0152,后有万科淘宝合作卖房,data/external/aishell/wav/train/S0003/train/S0003/BAC009S0003W0152.wav,S0003,train,native,,Imported from AISHELL-style Mandarin read speech.
aishell_BAC009S0003W0153,双十一和双十二来了,data/external/aishell/wav/train/S0003/train/S0003/BAC009S0003W0153.wav,S0003,train,native,,Imported from AISHELL-style Mandarin read speech.
aishell_BAC009S0003W0154,在这个电商狂欢的营销节点上,data/external/aishell/wav/train/S0003/train/S0003/BAC009S0003W0154.wav,S0003,train,native,,Imported from AISHELL-style Mandarin read speech.
aishell_BAC009S0003W0155,传统房企的身影越来越多,data/external/aishell/wav/train/S0003/train/S0003/BAC009S0003W0155.wav,S0003,train,native,,Imported from AISHELL-style Mandarin read speech.
aishell_BAC009S0003W0156,纷纷跨界试水互联网营销大战,data/external/aishell/wav/train/S0003/train/S0003/BAC009S0003W0156.wav,S0003,train,native,,Imported from AISHELL-style Mandarin read speech.
aishell_BAC009S0003W0157,抢食双十一市场蛋糕,data/external/aishell/wav/train/S0003/train/S0003/BAC009S0003W0157.wav,S0003,train,native,,Imported from AISHELL-style Mandarin read speech.
aishell_BAC009S0003W0158,房子开始论小时卖了,data/external/aishell/wav/train/S0003/train/S0003/BAC009S0003W0158.wav,S0003,train,native,,Imported from AISHELL-style Mandarin read speech.
aishell_BAC009S0003W0159,在天猫开辟双十一购房专区,data/external/aishell/wav/train/S0003/train/S0003/BAC009S0003W0159.wav,S0003,train,native,,Imported from AISHELL-style Mandarin read speech.
aishell_BAC009S0003W0160,联合线上线下十大商家搭建了乐透联盟平台,data/external/aishell/wav/train/S0003/train/S0003/BAC009S0003W0160.wav,S0003,train,native,,Imported from AISHELL-style Mandarin read speech.
aishell_BAC009S0003W0161,一举推出一千套优惠房源,data/external/aishell/wav/train/S0003/train/S0003/BAC009S0003W0161.wav,S0003,train,native,,Imported from AISHELL-style Mandarin read speech.
aishell_BAC009S0003W0162,实现近四十三亿元销售额,data/external/aishell/wav/train/S0003/train/S0003/BAC009S0003W0162.wav,S0003,train,native,,Imported from AISHELL-style Mandarin read speech.
aishell_BAC009S0003W0163,远洋地产价值二十五亿元房产众筹引发大量关注,data/external/aishell/wav/train/S0003/train/S0003/BAC009S0003W0163.wav,S0003,train,native,,Imported from AISHELL-style Mandarin read speech.
aishell_BAC009S0003W0164,很大程度上来自市场的压力,data/external/aishell/wav/train/S0003/train/S0003/BAC009S0003W0164.wav,S0003,train,native,,Imported from AISHELL-style Mandarin read speech.
aishell_BAC009S0003W0165,推动了房企开始在营销模式上思变,data/external/aishell/wav/train/S0003/train/S0003/BAC009S0003W0165.wav,S0003,train,native,,Imported from AISHELL-style Mandarin read speech.
aishell_BAC009S0003W0166,正如一位触网营销的操盘手所说,data/external/aishell/wav/train/S0003/train/S0003/BAC009S0003W0166.wav,S0003,train,native,,Imported from AISHELL-style Mandarin read speech.
aishell_BAC009S0003W0167,房企跨界触网营销等实质上都是在打抢客户大战,data/external/aishell/wav/train/S0003/train/S0003/BAC009S0003W0167.wav,S0003,train,native,,Imported from AISHELL-style Mandarin read speech.
aishell_BAC009S0003W0168,房企可以整合各界资源,data/external/aishell/wav/train/S0003/train/S0003/BAC009S0003W0168.wav,S0003,train,native,,Imported from AISHELL-style Mandarin read speech.
aishell_BAC009S0003W0169,因为房地产行业本身长期性重资产复杂化的属性,data/external/aishell/wav/train/S0003/train/S0003/BAC009S0003W0169.wav,S0003,train,native,,Imported from AISHELL-style Mandarin read speech.
aishell_BAC009S0003W0170,互联网要像改造其它行业一样改造房地产业,data/external/aishell/wav/train/S0003/train/S0003/BAC009S0003W0170.wav,S0003,train,native,,Imported from AISHELL-style Mandarin read speech.
aishell_BAC009S0003W0171,但这不影响房企触网日记的延续,data/external/aishell/wav/train/S0003/train/S0003/BAC009S0003W0171.wav,S0003,train,native,,Imported from AISHELL-style Mandarin read speech.
aishell_BAC009S0003W0172,万达集团与腾讯百度成立零二零业务平台,data/external/aishell/wav/train/S0003/train/S0003/BAC009S0003W0172.wav,S0003,train,native,,Imported from AISHELL-style Mandarin read speech.
aishell_BAC009S0003W0173,三个土豪声称要打造全球最大零二零电商公司,data/external/aishell/wav/train/S0003/train/S0003/BAC009S0003W0173.wav,S0003,train,native,,Imported from AISHELL-style Mandarin read speech.
aishell_BAC009S0003W0174,总投资达两百亿元,data/external/aishell/wav/train/S0003/train/S0003/BAC009S0003W0174.wav,S0003,train,native,,Imported from AISHELL-style Mandarin read speech.
aishell_BAC009S0003W0175,发现一个女孩子的裙子很漂亮,data/external/aishell/wav/train/S0003/train/S0003/BAC009S0003W0175.wav,S0003,train,native,,Imported from AISHELL-style Mandarin read speech.
aishell_BAC009S0003W0176,拍个照片就知道是万达哪家店卖的,data/external/aishell/wav/train/S0003/train/S0003/BAC009S0003W0176.wav,S0003,train,native,,Imported from AISHELL-style Mandarin read speech.
aishell_BAC009S0003W0177,就知道万达院线几点放映这场电影,data/external/aishell/wav/train/S0003/train/S0003/BAC009S0003W0177.wav,S0003,train,native,,Imported from AISHELL-style Mandarin read speech.
aishell_BAC009S0003W0178,可以完成选座和支付,data/external/aishell/wav/train/S0003/train/S0003/BAC009S0003W0178.wav,S0003,train,native,,Imported from AISHELL-style Mandarin read speech.
aishell_BAC009S0003W0181,其多次去美国参观学习苹果等高科技企业,data/external/aishell/wav/train/S0003/train/S0003/BAC009S0003W0181.wav,S0003,train,native,,Imported from AISHELL-style Mandarin read speech.
aishell_BAC009S0003W0182,明年将宣布利用互联网二次转型的具体动作,data/external/aishell/wav/train/S0003/train/S0003/BAC009S0003W0182.wav,S0003,train,native,,Imported from AISHELL-style Mandarin read speech.
aishell_BAC009S0003W0183,如果你还把互联网思维当作房地产企业营销的虎头,data/external/aishell/wav/train/S0003/train/S0003/BAC009S0003W0183.wav,S0003,train,native,,Imported from AISHELL-style Mandarin read speech.
aishell_BAC009S0003W0184,而不是经营思路的一种尝试和转变,data/external/aishell/wav/train/S0003/train/S0003/BAC009S0003W0184.wav,S0003,train,native,,Imported from AISHELL-style Mandarin read speech.
aishell_BAC009S0003W0185,那么你既有的竞争优势,data/external/aishell/wav/train/S0003/train/S0003/BAC009S0003W0185.wav,S0003,train,native,,Imported from AISHELL-style Mandarin read speech.
aishell_BAC009S0003W0186,可能在瞬间就会被改变甚至逆转,data/external/aishell/wav/train/S0003/train/S0003/BAC009S0003W0186.wav,S0003,train,native,,Imported from AISHELL-style Mandarin read speech.
aishell_BAC009S0003W0187,三公数字更加清晰易懂,data/external/aishell/wav/train/S0003/train/S0003/BAC009S0003W0187.wav,S0003,train,native,,Imported from AISHELL-style Mandarin read speech.
aishell_BAC009S0003W0188,三公经费是财政预算中最受社会关注的内容之一,data/external/aishell/wav/train/S0003/train/S0003/BAC009S0003W0188.wav,S0003,train,native,,Imported from AISHELL-style Mandarin read speech.
aishell_BAC009S0003W0189,温家宝在国务院常务会议上就已提出,data/external/aishell/wav/train/S0003/train/S0003/BAC009S0003W0189.wav,S0003,train,native,,Imported from AISHELL-style Mandarin read speech.
aishell_BAC009S0003W0190,省级政府要在两年内全面公开三公经费,data/external/aishell/wav/train/S0003/train/S0003/BAC009S0003W0190.wav,S0003,train,native,,Imported from AISHELL-style Mandarin read speech.
aishell_BAC009S0003W0191,并推进公开部门预决算,data/external/aishell/wav/train/S0003/train/S0003/BAC009S0003W0191.wav,S0003,train,native,,Imported from AISHELL-style Mandarin read speech.
aishell_BAC009S0003W0192,今年北京四川河南等省市率先公布了三公经费,data/external/aishell/wav/train/S0003/train/S0003/BAC009S0003W0192.wav,S0003,train,native,,Imported from AISHELL-style Mandarin read speech.
aishell_BAC009S0003W0193,广东省财政厅厅长在接受采访时表示,data/external/aishell/wav/train/S0003/train/S0003/BAC009S0003W0193.wav,S0003,train,native,,Imported from AISHELL-style Mandarin read speech.
aishell_BAC009S0003W0194,下一步准备扩大对公务卡等方面的监督,data/external/aishell/wav/train/S0003/train/S0003/BAC009S0003W0194.wav,S0003,train,native,,Imported from AISHELL-style Mandarin read speech.
aishell_BAC009S0003W0195,并将公布科目从目前的类级细化到项级,data/external/aishell/wav/train/S0003/train/S0003/BAC009S0003W0195.wav,S0003,train,native,,Imported from AISHELL-style Mandarin read speech.
aishell_BAC009S0003W0196,比如办公费细化到水电费印刷费等,data/external/aishell/wav/train/S0003/train/S0003/BAC009S0003W0196.wav,S0003,train,native,,Imported from AISHELL-style Mandarin read speech.
aishell_BAC009S0003W0197,在推进食品安全信息公开方面,data/external/aishell/wav/train/S0003/train/S0003/BAC009S0003W0197.wav,S0003,train,native,,Imported from AISHELL-style Mandarin read speech.
aishell_BAC009S0003W0198,卫生行政主管部门要进一步强化食品安全标准公开,data/external/aishell/wav/train/S0003/train/S0003/BAC009S0003W0198.wav,S0003,train,native,,Imported from AISHELL-style Mandarin read speech.
aishell_BAC009S0003W0199,拓宽公众参与食品安全标准起草的渠道,data/external/aishell/wav/train/S0003/train/S0003/BAC009S0003W0199.wav,S0003,train,native,,Imported from AISHELL-style Mandarin read speech.
aishell_BAC009S0003W0200,进一步做好征求公众意见工作,data/external/aishell/wav/train/S0003/train/S0003/BAC009S0003W0200.wav,S0003,train,native,,Imported from AISHELL-style Mandarin read speech.
aishell_BAC009S0003W0201,在征地拆迁信息公开方面,data/external/aishell/wav/train/S0003/train/S0003/BAC009S0003W0201.wav,S0003,train,native,,Imported from AISHELL-style Mandarin read speech.
aishell_BAC009S0003W0202,进一步扩大社会公众对征地拆迁工作的参与,data/external/aishell/wav/train/S0003/train/S0003/BAC009S0003W0202.wav,S0003,train,native,,Imported from AISHELL-style Mandarin read speech.
aishell_BAC009S0003W0203,三公经费公开需要制度化,data/external/aishell/wav/train/S0003/train/S0003/BAC009S0003W0203.wav,S0003,train,native,,Imported from AISHELL-style Mandarin read speech.
aishell_BAC009S0003W0204,中央财经大学财政学院教授曾康华,data/external/aishell/wav/train/S0003/train/S0003/BAC009S0003W0204.wav,S0003,train,native,,Imported from AISHELL-style Mandarin read speech.
aishell_BAC009S0003W0205,中央部门今年三公经费公开已近尾声,data/external/aishell/wav/train/S0003/train/S0003/BAC009S0003W0205.wav,S0003,train,native,,Imported from AISHELL-style Mandarin read speech.
aishell_BAC009S0003W0206,在公开这一做法获得一致肯定的同时,data/external/aishell/wav/train/S0003/train/S0003/BAC009S0003W0206.wav,S0003,train,native,,Imported from AISHELL-style Mandarin read speech.
aishell_BAC009S0003W0207,公布内容不够细致公布标准不一等,data/external/aishell/wav/train/S0003/train/S0003/BAC009S0003W0207.wav,S0003,train,native,,Imported from AISHELL-style Mandarin read speech.
aishell_BAC009S0003W0208,导致公众对数字雾里看花,data/external/aishell/wav/train/S0003/train/S0003/BAC009S0003W0208.wav,S0003,train,native,,Imported from AISHELL-style Mandarin read speech.
ntu_l2_0001,他們都很忙。我家有四口人：爸爸媽媽哥哥和我。我家還有一隻小黑狗和一隻大花貓。我父親是一個有名的大夫。我母親是中學英語老師。他們都非常忙。我哥哥是大學生，學中文。他個子很高、比較胖。他的同學都叫他胖子。他的女朋友很漂亮，是日本人。我的小狗叫黑黑。小貓的名字呢，是花花。你看，這是我們家。我們家的房子不大也不小。有四個房間。還有一個非常好看的小花園。我的房間不太大。裡邊有一張小桌子兩把椅子和一張床。,data/external/ntu_l2_mandarin/ntu_l2_mandarin_0001.m4a,ntu_l2_american_s1,train,learner,phoneme_issue,"Imported from public NTU L2 Mandarin learner speech; american learner, beginner reading prompt."
ntu_l2_0002,他們都很忙。我家有四口人：爸爸媽媽哥哥和我。我家還有一隻小黑狗和一隻大花貓。我父親是一個有名的大夫。我母親是中學英語老師。他們都非常忙。我哥哥是大學生，學中文。他個子很高、比較胖。他的同學都叫他胖子。他的女朋友很漂亮，是日本人。我的小狗叫黑黑。小貓的名字呢，是花花。你看，這是我們家。我們家的房子不大也不小。有四個房間。還有一個非常好看的小花園。我的房間不太大。裡邊有一張小桌子兩把椅子和一張床。,data/external/ntu_l2_mandarin/ntu_l2_mandarin_0002.m4a,ntu_l2_american_s2,train,learner,phoneme_issue,"Imported from public NTU L2 Mandarin learner speech; american learner, beginner reading prompt."
ntu_l2_0003,他們都很忙。我家有四口人：爸爸媽媽哥哥和我。我家還有一隻小黑狗和一隻大花貓。我父親是一個有名的大夫。我母親是中學英語老師。他們都非常忙。我哥哥是大學生，學中文。他個子很高、比較胖。他的同學都叫他胖子。他的女朋友很漂亮，是日本人。我的小狗叫黑黑。小貓的名字呢，是花花。你看，這是我們家。我們家的房子不大也不小。有四個房間。還有一個非常好看的小花園。我的房間不太大。裡邊有一張小桌子兩把椅子和一張床。,data/external/ntu_l2_mandarin/ntu_l2_mandarin_0003.m4a,ntu_l2_american_s3,train,learner,phoneme_issue,"Imported from public NTU L2 Mandarin learner speech; american learner, beginner reading prompt."
ntu_l2_0004,他們都很忙。我家有四口人：爸爸媽媽哥哥和我。我家還有一隻小黑狗和一隻大花貓。我父親是一個有名的大夫。我母親是中學英語老師。他們都非常忙。我哥哥是大學生，學中文。他個子很高、比較胖。他的同學都叫他胖子。他的女朋友很漂亮，是日本人。我的小狗叫黑黑。小貓的名字呢，是花花。你看，這是我們家。我們家的房子不大也不小。有四個房間。還有一個非常好看的小花園。我的房間不太大。裡邊有一張小桌子兩把椅子和一張床。,data/external/ntu_l2_mandarin/ntu_l2_mandarin_0004.m4a,ntu_l2_american_s4,train,learner,phoneme_issue,"Imported from public NTU L2 Mandarin learner speech; american learner, beginner reading prompt."
ntu_l2_0005,今天早上我有一節聽力課。大概昨天夜裡沒睡好，所以起晚了。這下我急壞了，因為開學才半個多月，我已經遲到過兩次了！老師不但記住了我的名字，而且還說，下一次我要是再遲到的話，他就不讓我進教室了。我想去洗洗臉，哎？洗澡間的燈怎麽不亮了？算了，反正沒時間了。我又穿上昨天脫下的那身衣服，騎上車就往學校趕。教室裡坐著很多學生，可是安靜極了，連一點兒聲音也沒有。看來老師還沒到。我趕快找到一個空座位坐好。這個時候，我忽然發現，周圍的人都是我的中學同學，每個人的面前還擺著一本數學課本。太奇怪了，這節課不是聽力嗎?怎麽會變成了我最討厭的高中數學課呢？還有，我跟同學們打招呼，他們都不答應，只是看著我笑。笑什麽？是因為我沒洗臉，沒梳頭，也沒刮胡子，還是因為我又穿了兩只顏色不同的襪子？正當我不知道該怎麽辦的時候，「叮鈴鈴」，上課鈴響了。我一下子就醒了，睜開眼睛，看了看床頭的鬧鐘：六點半。我打開窗戶，天還沒亮呢。我呼吸了一口新鮮空氣，心裡得意地想，今天肯定不會遲到了。,data/external/ntu_l2_mandarin/ntu_l2_mandarin_0005.m4a,ntu_l2_american_s1,train,learner,phoneme_issue,"Imported from public NTU L2 Mandarin learner speech; american learner, intermediate reading prompt."
ntu_l2_0006,今天早上我有一節聽力課。大概昨天夜裡沒睡好，所以起晚了。這下我急壞了，因為開學才半個多月，我已經遲到過兩次了！老師不但記住了我的名字，而且還說，下一次我要是再遲到的話，他就不讓我進教室了。我想去洗洗臉，哎？洗澡間的燈怎麽不亮了？算了，反正沒時間了。我又穿上昨天脫下的那身衣服，騎上車就往學校趕。教室裡坐著很多學生，可是安靜極了，連一點兒聲音也沒有。看來老師還沒到。我趕快找到一個空座位坐好。這個時候，我忽然發現，周圍的人都是我的中學同學，每個人的面前還擺著一本數學課本。太奇怪了，這節課不是聽力嗎?怎麽會變成了我最討厭的高中數學課呢？還有，我跟同學們打招呼，他們都不答應，只是看著我笑。笑什麽？是因為我沒洗臉，沒梳頭，也沒刮胡子，還是因為我又穿了兩只顏色不同的襪子？正當我不知道該怎麽辦的時候，「叮鈴鈴」，上課鈴響了。我一下子就醒了，睜開眼睛，看了看床頭的鬧鐘：六點半。我打開窗戶，天還沒亮呢。我呼吸了一口新鮮空氣，心裡得意地想，今天肯定不會遲到了。,data/external/ntu_l2_mandarin/ntu_l2_mandarin_0006.m4a,ntu_l2_american_s2,train,learner,phoneme_issue,"Imported from public NTU L2 Mandarin learner speech; american learner, intermediate reading prompt."
ntu_l2_0007,今天早上我有一節聽力課。大概昨天夜裡沒睡好，所以起晚了。這下我急壞了，因為開學才半個多月，我已經遲到過兩次了！老師不但記住了我的名字，而且還說，下一次我要是再遲到的話，他就不讓我進教室了。我想去洗洗臉，哎？洗澡間的燈怎麽不亮了？算了，反正沒時間了。我又穿上昨天脫下的那身衣服，騎上車就往學校趕。教室裡坐著很多學生，可是安靜極了，連一點兒聲音也沒有。看來老師還沒到。我趕快找到一個空座位坐好。這個時候，我忽然發現，周圍的人都是我的中學同學，每個人的面前還擺著一本數學課本。太奇怪了，這節課不是聽力嗎?怎麽會變成了我最討厭的高中數學課呢？還有，我跟同學們打招呼，他們都不答應，只是看著我笑。笑什麽？是因為我沒洗臉，沒梳頭，也沒刮胡子，還是因為我又穿了兩只顏色不同的襪子？正當我不知道該怎麽辦的時候，「叮鈴鈴」，上課鈴響了。我一下子就醒了，睜開眼睛，看了看床頭的鬧鐘：六點半。我打開窗戶，天還沒亮呢。我呼吸了一口新鮮空氣，心裡得意地想，今天肯定不會遲到了。,data/external/ntu_l2_mandarin/ntu_l2_mandarin_0007.m4a,ntu_l2_american_s3,train,learner,phoneme_issue,"Imported from public NTU L2 Mandarin learner speech; american learner, intermediate reading prompt."
ntu_l2_0008,今天早上我有一節聽力課。大概昨天夜裡沒睡好，所以起晚了。這下我急壞了，因為開學才半個多月，我已經遲到過兩次了！老師不但記住了我的名字，而且還說，下一次我要是再遲到的話，他就不讓我進教室了。我想去洗洗臉，哎？洗澡間的燈怎麽不亮了？算了，反正沒時間了。我又穿上昨天脫下的那身衣服，騎上車就往學校趕。教室裡坐著很多學生，可是安靜極了，連一點兒聲音也沒有。看來老師還沒到。我趕快找到一個空座位坐好。這個時候，我忽然發現，周圍的人都是我的中學同學，每個人的面前還擺著一本數學課本。太奇怪了，這節課不是聽力嗎?怎麽會變成了我最討厭的高中數學課呢？還有，我跟同學們打招呼，他們都不答應，只是看著我笑。笑什麽？是因為我沒洗臉，沒梳頭，也沒刮胡子，還是因為我又穿了兩只顏色不同的襪子？正當我不知道該怎麽辦的時候，「叮鈴鈴」，上課鈴響了。我一下子就醒了，睜開眼睛，看了看床頭的鬧鐘：六點半。我打開窗戶，天還沒亮呢。我呼吸了一口新鮮空氣，心裡得意地想，今天肯定不會遲到了。,data/external/ntu_l2_mandarin/ntu_l2_mandarin_0008.m4a,ntu_l2_american_s4,train,learner,phoneme_issue,"Imported from public NTU L2 Mandarin learner speech; american learner, intermediate reading prompt."
ntu_l2_0009,今天早上我有一節聽力課。大概昨天夜裡沒睡好，所以起晚了。這下我急壞了，因為開學才半個多月，我已經遲到過兩次了！老師不但記住了我的名字，而且還說，下一次我要是再遲到的話，他就不讓我進教室了。我想去洗洗臉，哎？洗澡間的燈怎麽不亮了？算了，反正沒時間了。我又穿上昨天脫下的那身衣服，騎上車就往學校趕。教室裡坐著很多學生，可是安靜極了，連一點兒聲音也沒有。看來老師還沒到。我趕快找到一個空座位坐好。這個時候，我忽然發現，周圍的人都是我的中學同學，每個人的面前還擺著一本數學課本。太奇怪了，這節課不是聽力嗎?怎麽會變成了我最討厭的高中數學課呢？還有，我跟同學們打招呼，他們都不答應，只是看著我笑。笑什麽？是因為我沒洗臉，沒梳頭，也沒刮胡子，還是因為我又穿了兩只顏色不同的襪子？正當我不知道該怎麽辦的時候，「叮鈴鈴」，上課鈴響了。我一下子就醒了，睜開眼睛，看了看床頭的鬧鐘：六點半。我打開窗戶，天還沒亮呢。我呼吸了一口新鮮空氣，心裡得意地想，今天肯定不會遲到了。,data/external/ntu_l2_mandarin/ntu_l2_mandarin_0009.m4a,ntu_l2_american_s5,train,learner,phoneme_issue,"Imported from public NTU L2 Mandarin learner speech; american learner, intermediate reading prompt."
ntu_l2_0010,今天早上我有一節聽力課。大概昨天夜裡沒睡好，所以起晚了。這下我急壞了，因為開學才半個多月，我已經遲到過兩次了！老師不但記住了我的名字，而且還說，下一次我要是再遲到的話，他就不讓我進教室了。我想去洗洗臉，哎？洗澡間的燈怎麽不亮了？算了，反正沒時間了。我又穿上昨天脫下的那身衣服，騎上車就往學校趕。教室裡坐著很多學生，可是安靜極了，連一點兒聲音也沒有。看來老師還沒到。我趕快找到一個空座位坐好。這個時候，我忽然發現，周圍的人都是我的中學同學，每個人的面前還擺著一本數學課本。太奇怪了，這節課不是聽力嗎?怎麽會變成了我最討厭的高中數學課呢？還有，我跟同學們打招呼，他們都不答應，只是看著我笑。笑什麽？是因為我沒洗臉，沒梳頭，也沒刮胡子，還是因為我又穿了兩只顏色不同的襪子？正當我不知道該怎麽辦的時候，「叮鈴鈴」，上課鈴響了。我一下子就醒了，睜開眼睛，看了看床頭的鬧鐘：六點半。我打開窗戶，天還沒亮呢。我呼吸了一口新鮮空氣，心裡得意地想，今天肯定不會遲到了。,data/external/ntu_l2_mandarin/ntu_l2_mandarin_0010.m4a,ntu_l2_american_s6,train,learner,phoneme_issue,"Imported from public NTU L2 Mandarin learner speech; american learner, intermediate reading prompt."
ntu_l2_0011,今天早上我有一節聽力課。大概昨天夜裡沒睡好，所以起晚了。這下我急壞了，因為開學才半個多月，我已經遲到過兩次了！老師不但記住了我的名字，而且還說，下一次我要是再遲到的話，他就不讓我進教室了。我想去洗洗臉，哎？洗澡間的燈怎麽不亮了？算了，反正沒時間了。我又穿上昨天脫下的那身衣服，騎上車就往學校趕。教室裡坐著很多學生，可是安靜極了，連一點兒聲音也沒有。看來老師還沒到。我趕快找到一個空座位坐好。這個時候，我忽然發現，周圍的人都是我的中學同學，每個人的面前還擺著一本數學課本。太奇怪了，這節課不是聽力嗎?怎麽會變成了我最討厭的高中數學課呢？還有，我跟同學們打招呼，他們都不答應，只是看著我笑。笑什麽？是因為我沒洗臉，沒梳頭，也沒刮胡子，還是因為我又穿了兩只顏色不同的襪子？正當我不知道該怎麽辦的時候，「叮鈴鈴」，上課鈴響了。我一下子就醒了，睜開眼睛，看了看床頭的鬧鐘：六點半。我打開窗戶，天還沒亮呢。我呼吸了一口新鮮空氣，心裡得意地想，今天肯定不會遲到了。,data/external/ntu_l2_mandarin/ntu_l2_mandarin_0011.m4a,ntu_l2_american_s7,train,learner,phoneme_issue,"Imported from public NTU L2 Mandarin learner speech; american learner, intermediate reading prompt."
ntu_l2_0012,今天早上我有一節聽力課。大概昨天夜裡沒睡好，所以起晚了。這下我急壞了，因為開學才半個多月，我已經遲到過兩次了！老師不但記住了我的名字，而且還說，下一次我要是再遲到的話，他就不讓我進教室了。我想去洗洗臉，哎？洗澡間的燈怎麽不亮了？算了，反正沒時間了。我又穿上昨天脫下的那身衣服，騎上車就往學校趕。教室裡坐著很多學生，可是安靜極了，連一點兒聲音也沒有。看來老師還沒到。我趕快找到一個空座位坐好。這個時候，我忽然發現，周圍的人都是我的中學同學，每個人的面前還擺著一本數學課本。太奇怪了，這節課不是聽力嗎?怎麽會變成了我最討厭的高中數學課呢？還有，我跟同學們打招呼，他們都不答應，只是看著我笑。笑什麽？是因為我沒洗臉，沒梳頭，也沒刮胡子，還是因為我又穿了兩只顏色不同的襪子？正當我不知道該怎麽辦的時候，「叮鈴鈴」，上課鈴響了。我一下子就醒了，睜開眼睛，看了看床頭的鬧鐘：六點半。我打開窗戶，天還沒亮呢。我呼吸了一口新鮮空氣，心裡得意地想，今天肯定不會遲到了。,data/external/ntu_l2_mandarin/ntu_l2_mandarin_0012.m4a,ntu_l2_american_s8,train,learner,phoneme_issue,"Imported from public NTU L2 Mandarin learner speech; american learner, intermediate reading prompt."
ntu_l2_0013,他們都很忙。我家有四口人：爸爸媽媽哥哥和我。我家還有一隻小黑狗和一隻大花貓。我父親是一個有名的大夫。我母親是中學英語老師。他們都非常忙。我哥哥是大學生，學中文。他個子很高、比較胖。他的同學都叫他胖子。他的女朋友很漂亮，是日本人。我的小狗叫黑黑。小貓的名字呢，是花花。你看，這是我們家。我們家的房子不大也不小。有四個房間。還有一個非常好看的小花園。我的房間不太大。裡邊有一張小桌子兩把椅子和一張床。,data/external/ntu_l2_mandarin/ntu_l2_mandarin_0013.m4a,ntu_l2_american_s3,train,learner,phoneme_issue,"Imported from public NTU L2 Mandarin learner speech; american learner, beginner reading prompt."
ntu_l2_0014,他們都很忙。我家有四口人：爸爸媽媽哥哥和我。我家還有一隻小黑狗和一隻大花貓。我父親是一個有名的大夫。我母親是中學英語老師。他們都非常忙。我哥哥是大學生，學中文。他個子很高、比較胖。他的同學都叫他胖子。他的女朋友很漂亮，是日本人。我的小狗叫黑黑。小貓的名字呢，是花花。你看，這是我們家。我們家的房子不大也不小。有四個房間。還有一個非常好看的小花園。我的房間不太大。裡邊有一張小桌子兩把椅子和一張床。,data/external/ntu_l2_mandarin/ntu_l2_mandarin_0014.m4a,ntu_l2_american_s4,train,learner,phoneme_issue,"Imported from public NTU L2 Mandarin learner speech; american learner, beginner reading prompt."
ntu_l2_0015,他們都很忙。我家有四口人：爸爸媽媽哥哥和我。我家還有一隻小黑狗和一隻大花貓。我父親是一個有名的大夫。我母親是中學英語老師。他們都非常忙。我哥哥是大學生，學中文。他個子很高、比較胖。他的同學都叫他胖子。他的女朋友很漂亮，是日本人。我的小狗叫黑黑。小貓的名字呢，是花花。你看，這是我們家。我們家的房子不大也不小。有四個房間。還有一個非常好看的小花園。我的房間不太大。裡邊有一張小桌子兩把椅子和一張床。,data/external/ntu_l2_mandarin/ntu_l2_mandarin_0015.m4a,ntu_l2_american_s5,train,learner,phoneme_issue,"Imported from public NTU L2 Mandarin learner speech; american learner, beginner reading prompt."
ntu_l2_0016,他們都很忙。我家有四口人：爸爸媽媽哥哥和我。我家還有一隻小黑狗和一隻大花貓。我父親是一個有名的大夫。我母親是中學英語老師。他們都非常忙。我哥哥是大學生，學中文。他個子很高、比較胖。他的同學都叫他胖子。他的女朋友很漂亮，是日本人。我的小狗叫黑黑。小貓的名字呢，是花花。你看，這是我們家。我們家的房子不大也不小。有四個房間。還有一個非常好看的小花園。我的房間不太大。裡邊有一張小桌子兩把椅子和一張床。,data/external/ntu_l2_mandarin/ntu_l2_mandarin_0016.m4a,ntu_l2_american_s6,train,learner,phoneme_issue,"Imported from public NTU L2 Mandarin learner speech; american learner, beginner reading prompt."
ntu_l2_0017,今天早上我有一節聽力課。大概昨天夜裡沒睡好，所以起晚了。這下我急壞了，因為開學才半個多月，我已經遲到過兩次了！老師不但記住了我的名字，而且還說，下一次我要是再遲到的話，他就不讓我進教室了。我想去洗洗臉，哎？洗澡間的燈怎麽不亮了？算了，反正沒時間了。我又穿上昨天脫下的那身衣服，騎上車就往學校趕。教室裡坐著很多學生，可是安靜極了，連一點兒聲音也沒有。看來老師還沒到。我趕快找到一個空座位坐好。這個時候，我忽然發現，周圍的人都是我的中學同學，每個人的面前還擺著一本數學課本。太奇怪了，這節課不是聽力嗎?怎麽會變成了我最討厭的高中數學課呢？還有，我跟同學們打招呼，他們都不答應，只是看著我笑。笑什麽？是因為我沒洗臉，沒梳頭，也沒刮胡子，還是因為我又穿了兩只顏色不同的襪子？正當我不知道該怎麽辦的時候，「叮鈴鈴」，上課鈴響了。我一下子就醒了，睜開眼睛，看了看床頭的鬧鐘：六點半。我打開窗戶，天還沒亮呢。我呼吸了一口新鮮空氣，心裡得意地想，今天肯定不會遲到了。,data/external/ntu_l2_mandarin/ntu_l2_mandarin_0017.m4a,ntu_l2_american_s1,train,learner,phoneme_issue,"Imported from public NTU L2 Mandarin learner speech; american learner, intermediate reading prompt."
ntu_l2_0018,今天早上我有一節聽力課。大概昨天夜裡沒睡好，所以起晚了。這下我急壞了，因為開學才半個多月，我已經遲到過兩次了！老師不但記住了我的名字，而且還說，下一次我要是再遲到的話，他就不讓我進教室了。我想去洗洗臉，哎？洗澡間的燈怎麽不亮了？算了，反正沒時間了。我又穿上昨天脫下的那身衣服，騎上車就往學校趕。教室裡坐著很多學生，可是安靜極了，連一點兒聲音也沒有。看來老師還沒到。我趕快找到一個空座位坐好。這個時候，我忽然發現，周圍的人都是我的中學同學，每個人的面前還擺著一本數學課本。太奇怪了，這節課不是聽力嗎?怎麽會變成了我最討厭的高中數學課呢？還有，我跟同學們打招呼，他們都不答應，只是看著我笑。笑什麽？是因為我沒洗臉，沒梳頭，也沒刮胡子，還是因為我又穿了兩只顏色不同的襪子？正當我不知道該怎麽辦的時候，「叮鈴鈴」，上課鈴響了。我一下子就醒了，睜開眼睛，看了看床頭的鬧鐘：六點半。我打開窗戶，天還沒亮呢。我呼吸了一口新鮮空氣，心裡得意地想，今天肯定不會遲到了。,data/external/ntu_l2_mandarin/ntu_l2_mandarin_0018.m4a,ntu_l2_american_s2,train,learner,phoneme_issue,"Imported from public NTU L2 Mandarin learner speech; american learner, intermediate reading prompt."
ntu_l2_0019,今天早上我有一節聽力課。大概昨天夜裡沒睡好，所以起晚了。這下我急壞了，因為開學才半個多月，我已經遲到過兩次了！老師不但記住了我的名字，而且還說，下一次我要是再遲到的話，他就不讓我進教室了。我想去洗洗臉，哎？洗澡間的燈怎麽不亮了？算了，反正沒時間了。我又穿上昨天脫下的那身衣服，騎上車就往學校趕。教室裡坐著很多學生，可是安靜極了，連一點兒聲音也沒有。看來老師還沒到。我趕快找到一個空座位坐好。這個時候，我忽然發現，周圍的人都是我的中學同學，每個人的面前還擺著一本數學課本。太奇怪了，這節課不是聽力嗎?怎麽會變成了我最討厭的高中數學課呢？還有，我跟同學們打招呼，他們都不答應，只是看著我笑。笑什麽？是因為我沒洗臉，沒梳頭，也沒刮胡子，還是因為我又穿了兩只顏色不同的襪子？正當我不知道該怎麽辦的時候，「叮鈴鈴」，上課鈴響了。我一下子就醒了，睜開眼睛，看了看床頭的鬧鐘：六點半。我打開窗戶，天還沒亮呢。我呼吸了一口新鮮空氣，心裡得意地想，今天肯定不會遲到了。,data/external/ntu_l2_mandarin/ntu_l2_mandarin_0019.m4a,ntu_l2_american_s3,train,learner,phoneme_issue,"Imported from public NTU L2 Mandarin learner speech; american learner, intermediate reading prompt."
ntu_l2_0020,今天早上我有一節聽力課。大概昨天夜裡沒睡好，所以起晚了。這下我急壞了，因為開學才半個多月，我已經遲到過兩次了！老師不但記住了我的名字，而且還說，下一次我要是再遲到的話，他就不讓我進教室了。我想去洗洗臉，哎？洗澡間的燈怎麽不亮了？算了，反正沒時間了。我又穿上昨天脫下的那身衣服，騎上車就往學校趕。教室裡坐著很多學生，可是安靜極了，連一點兒聲音也沒有。看來老師還沒到。我趕快找到一個空座位坐好。這個時候，我忽然發現，周圍的人都是我的中學同學，每個人的面前還擺著一本數學課本。太奇怪了，這節課不是聽力嗎?怎麽會變成了我最討厭的高中數學課呢？還有，我跟同學們打招呼，他們都不答應，只是看著我笑。笑什麽？是因為我沒洗臉，沒梳頭，也沒刮胡子，還是因為我又穿了兩只顏色不同的襪子？正當我不知道該怎麽辦的時候，「叮鈴鈴」，上課鈴響了。我一下子就醒了，睜開眼睛，看了看床頭的鬧鐘：六點半。我打開窗戶，天還沒亮呢。我呼吸了一口新鮮空氣，心裡得意地想，今天肯定不會遲到了。,data/external/ntu_l2_mandarin/ntu_l2_mandarin_0020.m4a,ntu_l2_american_s4,train,learner,phoneme_issue,"Imported from public NTU L2 Mandarin learner speech; american learner, intermediate reading prompt."
ntu_l2_0021,今天早上我有一節聽力課。大概昨天夜裡沒睡好，所以起晚了。這下我急壞了，因為開學才半個多月，我已經遲到過兩次了！老師不但記住了我的名字，而且還說，下一次我要是再遲到的話，他就不讓我進教室了。我想去洗洗臉，哎？洗澡間的燈怎麽不亮了？算了，反正沒時間了。我又穿上昨天脫下的那身衣服，騎上車就往學校趕。教室裡坐著很多學生，可是安靜極了，連一點兒聲音也沒有。看來老師還沒到。我趕快找到一個空座位坐好。這個時候，我忽然發現，周圍的人都是我的中學同學，每個人的面前還擺著一本數學課本。太奇怪了，這節課不是聽力嗎?怎麽會變成了我最討厭的高中數學課呢？還有，我跟同學們打招呼，他們都不答應，只是看著我笑。笑什麽？是因為我沒洗臉，沒梳頭，也沒刮胡子，還是因為我又穿了兩只顏色不同的襪子？正當我不知道該怎麽辦的時候，「叮鈴鈴」，上課鈴響了。我一下子就醒了，睜開眼睛，看了看床頭的鬧鐘：六點半。我打開窗戶，天還沒亮呢。我呼吸了一口新鮮空氣，心裡得意地想，今天肯定不會遲到了。,data/external/ntu_l2_mandarin/ntu_l2_mandarin_0021.m4a,ntu_l2_american_s5,train,learner,phoneme_issue,"Imported from public NTU L2 Mandarin learner speech; american learner, intermediate reading prompt."
ntu_l2_0022,今天早上我有一節聽力課。大概昨天夜裡沒睡好，所以起晚了。這下我急壞了，因為開學才半個多月，我已經遲到過兩次了！老師不但記住了我的名字，而且還說，下一次我要是再遲到的話，他就不讓我進教室了。我想去洗洗臉，哎？洗澡間的燈怎麽不亮了？算了，反正沒時間了。我又穿上昨天脫下的那身衣服，騎上車就往學校趕。教室裡坐著很多學生，可是安靜極了，連一點兒聲音也沒有。看來老師還沒到。我趕快找到一個空座位坐好。這個時候，我忽然發現，周圍的人都是我的中學同學，每個人的面前還擺著一本數學課本。太奇怪了，這節課不是聽力嗎?怎麽會變成了我最討厭的高中數學課呢？還有，我跟同學們打招呼，他們都不答應，只是看著我笑。笑什麽？是因為我沒洗臉，沒梳頭，也沒刮胡子，還是因為我又穿了兩只顏色不同的襪子？正當我不知道該怎麽辦的時候，「叮鈴鈴」，上課鈴響了。我一下子就醒了，睜開眼睛，看了看床頭的鬧鐘：六點半。我打開窗戶，天還沒亮呢。我呼吸了一口新鮮空氣，心裡得意地想，今天肯定不會遲到了。,data/external/ntu_l2_mandarin/ntu_l2_mandarin_0022.m4a,ntu_l2_american_s6,train,learner,phoneme_issue,"Imported from public NTU L2 Mandarin learner speech; american learner, intermediate reading prompt."
ntu_l2_0023,他們都很忙。我家有四口人：爸爸媽媽哥哥和我。我家還有一隻小黑狗和一隻大花貓。我父親是一個有名的大夫。我母親是中學英語老師。他們都非常忙。我哥哥是大學生，學中文。他個子很高、比較胖。他的同學都叫他胖子。他的女朋友很漂亮，是日本人。我的小狗叫黑黑。小貓的名字呢，是花花。你看，這是我們家。我們家的房子不大也不小。有四個房間。還有一個非常好看的小花園。我的房間不太大。裡邊有一張小桌子兩把椅子和一張床。,data/external/ntu_l2_mandarin/ntu_l2_mandarin_0023.m4a,ntu_l2_american_s2,train,learner,phoneme_issue,"Imported from public NTU L2 Mandarin learner speech; american learner, beginner reading prompt."
ntu_l2_0024,他們都很忙。我家有四口人：爸爸媽媽哥哥和我。我家還有一隻小黑狗和一隻大花貓。我父親是一個有名的大夫。我母親是中學英語老師。他們都非常忙。我哥哥是大學生，學中文。他個子很高、比較胖。他的同學都叫他胖子。他的女朋友很漂亮，是日本人。我的小狗叫黑黑。小貓的名字呢，是花花。你看，這是我們家。我們家的房子不大也不小。有四個房間。還有一個非常好看的小花園。我的房間不太大。裡邊有一張小桌子兩把椅子和一張床。,data/external/ntu_l2_mandarin/ntu_l2_mandarin_0024.m4a,ntu_l2_american_s2,train,learner,phoneme_issue,"Imported from public NTU L2 Mandarin learner speech; american learner, beginner reading prompt."
ntu_l2_0025,他們都很忙。我家有四口人：爸爸媽媽哥哥和我。我家還有一隻小黑狗和一隻大花貓。我父親是一個有名的大夫。我母親是中學英語老師。他們都非常忙。我哥哥是大學生，學中文。他個子很高、比較胖。他的同學都叫他胖子。他的女朋友很漂亮，是日本人。我的小狗叫黑黑。小貓的名字呢，是花花。你看，這是我們家。我們家的房子不大也不小。有四個房間。還有一個非常好看的小花園。我的房間不太大。裡邊有一張小桌子兩把椅子和一張床。,data/external/ntu_l2_mandarin/ntu_l2_mandarin_0025.m4a,ntu_l2_american_s3,train,learner,phoneme_issue,"Imported from public NTU L2 Mandarin learner speech; american learner, beginner reading prompt."
ntu_l2_0026,他們都很忙。我家有四口人：爸爸媽媽哥哥和我。我家還有一隻小黑狗和一隻大花貓。我父親是一個有名的大夫。我母親是中學英語老師。他們都非常忙。我哥哥是大學生，學中文。他個子很高、比較胖。他的同學都叫他胖子。他的女朋友很漂亮，是日本人。我的小狗叫黑黑。小貓的名字呢，是花花。你看，這是我們家。我們家的房子不大也不小。有四個房間。還有一個非常好看的小花園。我的房間不太大。裡邊有一張小桌子兩把椅子和一張床。,data/external/ntu_l2_mandarin/ntu_l2_mandarin_0026.m4a,ntu_l2_american_s4,train,learner,phoneme_issue,"Imported from public NTU L2 Mandarin learner speech; american learner, beginner reading prompt."
ntu_l2_0027,他們都很忙。我家有四口人：爸爸媽媽哥哥和我。我家還有一隻小黑狗和一隻大花貓。我父親是一個有名的大夫。我母親是中學英語老師。他們都非常忙。我哥哥是大學生，學中文。他個子很高、比較胖。他的同學都叫他胖子。他的女朋友很漂亮，是日本人。我的小狗叫黑黑。小貓的名字呢，是花花。你看，這是我們家。我們家的房子不大也不小。有四個房間。還有一個非常好看的小花園。我的房間不太大。裡邊有一張小桌子兩把椅子和一張床。,data/external/ntu_l2_mandarin/ntu_l2_mandarin_0027.m4a,ntu_l2_american_s5,train,learner,phoneme_issue,"Imported from public NTU L2 Mandarin learner speech; american learner, beginner reading prompt."
ntu_l2_0028,他們都很忙。我家有四口人：爸爸媽媽哥哥和我。我家還有一隻小黑狗和一隻大花貓。我父親是一個有名的大夫。我母親是中學英語老師。他們都非常忙。我哥哥是大學生，學中文。他個子很高、比較胖。他的同學都叫他胖子。他的女朋友很漂亮，是日本人。我的小狗叫黑黑。小貓的名字呢，是花花。你看，這是我們家。我們家的房子不大也不小。有四個房間。還有一個非常好看的小花園。我的房間不太大。裡邊有一張小桌子兩把椅子和一張床。,data/external/ntu_l2_mandarin/ntu_l2_mandarin_0028.m4a,ntu_l2_american_s6,train,learner,phoneme_issue,"Imported from public NTU L2 Mandarin learner speech; american learner, beginner reading prompt."
ntu_l2_0029,他們都很忙。我家有四口人：爸爸媽媽哥哥和我。我家還有一隻小黑狗和一隻大花貓。我父親是一個有名的大夫。我母親是中學英語老師。他們都非常忙。我哥哥是大學生，學中文。他個子很高、比較胖。他的同學都叫他胖子。他的女朋友很漂亮，是日本人。我的小狗叫黑黑。小貓的名字呢，是花花。你看，這是我們家。我們家的房子不大也不小。有四個房間。還有一個非常好看的小花園。我的房間不太大。裡邊有一張小桌子兩把椅子和一張床。,data/external/ntu_l2_mandarin/ntu_l2_mandarin_0029.m4a,ntu_l2_american_s7,train,learner,phoneme_issue,"Imported from public NTU L2 Mandarin learner speech; american learner, beginner reading prompt."
ntu_l2_0030,他們都很忙。我家有四口人：爸爸媽媽哥哥和我。我家還有一隻小黑狗和一隻大花貓。我父親是一個有名的大夫。我母親是中學英語老師。他們都非常忙。我哥哥是大學生，學中文。他個子很高、比較胖。他的同學都叫他胖子。他的女朋友很漂亮，是日本人。我的小狗叫黑黑。小貓的名字呢，是花花。你看，這是我們家。我們家的房子不大也不小。有四個房間。還有一個非常好看的小花園。我的房間不太大。裡邊有一張小桌子兩把椅子和一張床。,data/external/ntu_l2_mandarin/ntu_l2_mandarin_0030.m4a,ntu_l2_american_s8,train,learner,phoneme_issue,"Imported from public NTU L2 Mandarin learner speech; american learner, beginner reading prompt."
ntu_l2_0031,他們都很忙。我家有四口人：爸爸媽媽哥哥和我。我家還有一隻小黑狗和一隻大花貓。我父親是一個有名的大夫。我母親是中學英語老師。他們都非常忙。我哥哥是大學生，學中文。他個子很高、比較胖。他的同學都叫他胖子。他的女朋友很漂亮，是日本人。我的小狗叫黑黑。小貓的名字呢，是花花。你看，這是我們家。我們家的房子不大也不小。有四個房間。還有一個非常好看的小花園。我的房間不太大。裡邊有一張小桌子兩把椅子和一張床。,data/external/ntu_l2_mandarin/ntu_l2_mandarin_0031.m4a,ntu_l2_american_s9,val,learner,phoneme_issue,"Imported from public NTU L2 Mandarin learner speech; american learner, beginner reading prompt."
ntu_l2_0032,他們都很忙。我家有四口人：爸爸媽媽哥哥和我。我家還有一隻小黑狗和一隻大花貓。我父親是一個有名的大夫。我母親是中學英語老師。他們都非常忙。我哥哥是大學生，學中文。他個子很高、比較胖。他的同學都叫他胖子。他的女朋友很漂亮，是日本人。我的小狗叫黑黑。小貓的名字呢，是花花。你看，這是我們家。我們家的房子不大也不小。有四個房間。還有一個非常好看的小花園。我的房間不太大。裡邊有一張小桌子兩把椅子和一張床。,data/external/ntu_l2_mandarin/ntu_l2_mandarin_0032.m4a,ntu_l2_american_s10,test,learner,phoneme_issue,"Imported from public NTU L2 Mandarin learner speech; american learner, beginner reading prompt."
ntu_l2_0033,今天早上我有一節聽力課。大概昨天夜裡沒睡好，所以起晚了。這下我急壞了，因為開學才半個多月，我已經遲到過兩次了！老師不但記住了我的名字，而且還說，下一次我要是再遲到的話，他就不讓我進教室了。我想去洗洗臉，哎？洗澡間的燈怎麽不亮了？算了，反正沒時間了。我又穿上昨天脫下的那身衣服，騎上車就往學校趕。教室裡坐著很多學生，可是安靜極了，連一點兒聲音也沒有。看來老師還沒到。我趕快找到一個空座位坐好。這個時候，我忽然發現，周圍的人都是我的中學同學，每個人的面前還擺著一本數學課本。太奇怪了，這節課不是聽力嗎?怎麽會變成了我最討厭的高中數學課呢？還有，我跟同學們打招呼，他們都不答應，只是看著我笑。笑什麽？是因為我沒洗臉，沒梳頭，也沒刮胡子，還是因為我又穿了兩只顏色不同的襪子？正當我不知道該怎麽辦的時候，「叮鈴鈴」，上課鈴響了。我一下子就醒了，睜開眼睛，看了看床頭的鬧鐘：六點半。我打開窗戶，天還沒亮呢。我呼吸了一口新鮮空氣，心裡得意地想，今天肯定不會遲到了。,data/external/ntu_l2_mandarin/ntu_l2_mandarin_0033.m4a,ntu_l2_american_s1,train,learner,phoneme_issue,"Imported from public NTU L2 Mandarin learner speech; american learner, intermediate reading prompt."
ntu_l2_0034,今天早上我有一節聽力課。大概昨天夜裡沒睡好，所以起晚了。這下我急壞了，因為開學才半個多月，我已經遲到過兩次了！老師不但記住了我的名字，而且還說，下一次我要是再遲到的話，他就不讓我進教室了。我想去洗洗臉，哎？洗澡間的燈怎麽不亮了？算了，反正沒時間了。我又穿上昨天脫下的那身衣服，騎上車就往學校趕。教室裡坐著很多學生，可是安靜極了，連一點兒聲音也沒有。看來老師還沒到。我趕快找到一個空座位坐好。這個時候，我忽然發現，周圍的人都是我的中學同學，每個人的面前還擺著一本數學課本。太奇怪了，這節課不是聽力嗎?怎麽會變成了我最討厭的高中數學課呢？還有，我跟同學們打招呼，他們都不答應，只是看著我笑。笑什麽？是因為我沒洗臉，沒梳頭，也沒刮胡子，還是因為我又穿了兩只顏色不同的襪子？正當我不知道該怎麽辦的時候，「叮鈴鈴」，上課鈴響了。我一下子就醒了，睜開眼睛，看了看床頭的鬧鐘：六點半。我打開窗戶，天還沒亮呢。我呼吸了一口新鮮空氣，心裡得意地想，今天肯定不會遲到了。,data/external/ntu_l2_mandarin/ntu_l2_mandarin_0034.m4a,ntu_l2_american_s2,train,learner,phoneme_issue,"Imported from public NTU L2 Mandarin learner speech; american learner, intermediate reading prompt."
ntu_l2_0035,今天早上我有一節聽力課。大概昨天夜裡沒睡好，所以起晚了。這下我急壞了，因為開學才半個多月，我已經遲到過兩次了！老師不但記住了我的名字，而且還說，下一次我要是再遲到的話，他就不讓我進教室了。我想去洗洗臉，哎？洗澡間的燈怎麽不亮了？算了，反正沒時間了。我又穿上昨天脫下的那身衣服，騎上車就往學校趕。教室裡坐著很多學生，可是安靜極了，連一點兒聲音也沒有。看來老師還沒到。我趕快找到一個空座位坐好。這個時候，我忽然發現，周圍的人都是我的中學同學，每個人的面前還擺著一本數學課本。太奇怪了，這節課不是聽力嗎?怎麽會變成了我最討厭的高中數學課呢？還有，我跟同學們打招呼，他們都不答應，只是看著我笑。笑什麽？是因為我沒洗臉，沒梳頭，也沒刮胡子，還是因為我又穿了兩只顏色不同的襪子？正當我不知道該怎麽辦的時候，「叮鈴鈴」，上課鈴響了。我一下子就醒了，睜開眼睛，看了看床頭的鬧鐘：六點半。我打開窗戶，天還沒亮呢。我呼吸了一口新鮮空氣，心裡得意地想，今天肯定不會遲到了。,data/external/ntu_l2_mandarin/ntu_l2_mandarin_0035.m4a,ntu_l2_american_s3,train,learner,phoneme_issue,"Imported from public NTU L2 Mandarin learner speech; american learner, intermediate reading prompt."
ntu_l2_0036,今天早上我有一節聽力課。大概昨天夜裡沒睡好，所以起晚了。這下我急壞了，因為開學才半個多月，我已經遲到過兩次了！老師不但記住了我的名字，而且還說，下一次我要是再遲到的話，他就不讓我進教室了。我想去洗洗臉，哎？洗澡間的燈怎麽不亮了？算了，反正沒時間了。我又穿上昨天脫下的那身衣服，騎上車就往學校趕。教室裡坐著很多學生，可是安靜極了，連一點兒聲音也沒有。看來老師還沒到。我趕快找到一個空座位坐好。這個時候，我忽然發現，周圍的人都是我的中學同學，每個人的面前還擺著一本數學課本。太奇怪了，這節課不是聽力嗎?怎麽會變成了我最討厭的高中數學課呢？還有，我跟同學們打招呼，他們都不答應，只是看著我笑。笑什麽？是因為我沒洗臉，沒梳頭，也沒刮胡子，還是因為我又穿了兩只顏色不同的襪子？正當我不知道該怎麽辦的時候，「叮鈴鈴」，上課鈴響了。我一下子就醒了，睜開眼睛，看了看床頭的鬧鐘：六點半。我打開窗戶，天還沒亮呢。我呼吸了一口新鮮空氣，心裡得意地想，今天肯定不會遲到了。,data/external/ntu_l2_mandarin/ntu_l2_mandarin_0036.m4a,ntu_l2_american_s4,train,learner,phoneme_issue,"Imported from public NTU L2 Mandarin learner speech; american learner, intermediate reading prompt."
ntu_l2_0037,今天早上我有一節聽力課。大概昨天夜裡沒睡好，所以起晚了。這下我急壞了，因為開學才半個多月，我已經遲到過兩次了！老師不但記住了我的名字，而且還說，下一次我要是再遲到的話，他就不讓我進教室了。我想去洗洗臉，哎？洗澡間的燈怎麽不亮了？算了，反正沒時間了。我又穿上昨天脫下的那身衣服，騎上車就往學校趕。教室裡坐著很多學生，可是安靜極了，連一點兒聲音也沒有。看來老師還沒到。我趕快找到一個空座位坐好。這個時候，我忽然發現，周圍的人都是我的中學同學，每個人的面前還擺著一本數學課本。太奇怪了，這節課不是聽力嗎?怎麽會變成了我最討厭的高中數學課呢？還有，我跟同學們打招呼，他們都不答應，只是看著我笑。笑什麽？是因為我沒洗臉，沒梳頭，也沒刮胡子，還是因為我又穿了兩只顏色不同的襪子？正當我不知道該怎麽辦的時候，「叮鈴鈴」，上課鈴響了。我一下子就醒了，睜開眼睛，看了看床頭的鬧鐘：六點半。我打開窗戶，天還沒亮呢。我呼吸了一口新鮮空氣，心裡得意地想，今天肯定不會遲到了。,data/external/ntu_l2_mandarin/ntu_l2_mandarin_0037.m4a,ntu_l2_american_s5,train,learner,phoneme_issue,"Imported from public NTU L2 Mandarin learner speech; american learner, intermediate reading prompt."
ntu_l2_0038,今天早上我有一節聽力課。大概昨天夜裡沒睡好，所以起晚了。這下我急壞了，因為開學才半個多月，我已經遲到過兩次了！老師不但記住了我的名字，而且還說，下一次我要是再遲到的話，他就不讓我進教室了。我想去洗洗臉，哎？洗澡間的燈怎麽不亮了？算了，反正沒時間了。我又穿上昨天脫下的那身衣服，騎上車就往學校趕。教室裡坐著很多學生，可是安靜極了，連一點兒聲音也沒有。看來老師還沒到。我趕快找到一個空座位坐好。這個時候，我忽然發現，周圍的人都是我的中學同學，每個人的面前還擺著一本數學課本。太奇怪了，這節課不是聽力嗎?怎麽會變成了我最討厭的高中數學課呢？還有，我跟同學們打招呼，他們都不答應，只是看著我笑。笑什麽？是因為我沒洗臉，沒梳頭，也沒刮胡子，還是因為我又穿了兩只顏色不同的襪子？正當我不知道該怎麽辦的時候，「叮鈴鈴」，上課鈴響了。我一下子就醒了，睜開眼睛，看了看床頭的鬧鐘：六點半。我打開窗戶，天還沒亮呢。我呼吸了一口新鮮空氣，心裡得意地想，今天肯定不會遲到了。,data/external/ntu_l2_mandarin/ntu_l2_mandarin_0038.m4a,ntu_l2_american_s6,train,learner,phoneme_issue,"Imported from public NTU L2 Mandarin learner speech; american learner, intermediate reading prompt."
ntu_l2_0039,今天早上我有一節聽力課。大概昨天夜裡沒睡好，所以起晚了。這下我急壞了，因為開學才半個多月，我已經遲到過兩次了！老師不但記住了我的名字，而且還說，下一次我要是再遲到的話，他就不讓我進教室了。我想去洗洗臉，哎？洗澡間的燈怎麽不亮了？算了，反正沒時間了。我又穿上昨天脫下的那身衣服，騎上車就往學校趕。教室裡坐著很多學生，可是安靜極了，連一點兒聲音也沒有。看來老師還沒到。我趕快找到一個空座位坐好。這個時候，我忽然發現，周圍的人都是我的中學同學，每個人的面前還擺著一本數學課本。太奇怪了，這節課不是聽力嗎?怎麽會變成了我最討厭的高中數學課呢？還有，我跟同學們打招呼，他們都不答應，只是看著我笑。笑什麽？是因為我沒洗臉，沒梳頭，也沒刮胡子，還是因為我又穿了兩只顏色不同的襪子？正當我不知道該怎麽辦的時候，「叮鈴鈴」，上課鈴響了。我一下子就醒了，睜開眼睛，看了看床頭的鬧鐘：六點半。我打開窗戶，天還沒亮呢。我呼吸了一口新鮮空氣，心裡得意地想，今天肯定不會遲到了。,data/external/ntu_l2_mandarin/ntu_l2_mandarin_0039.m4a,ntu_l2_american_s7,train,learner,phoneme_issue,"Imported from public NTU L2 Mandarin learner speech; american learner, intermediate reading prompt."
ntu_l2_0040,今天早上我有一節聽力課。大概昨天夜裡沒睡好，所以起晚了。這下我急壞了，因為開學才半個多月，我已經遲到過兩次了！老師不但記住了我的名字，而且還說，下一次我要是再遲到的話，他就不讓我進教室了。我想去洗洗臉，哎？洗澡間的燈怎麽不亮了？算了，反正沒時間了。我又穿上昨天脫下的那身衣服，騎上車就往學校趕。教室裡坐著很多學生，可是安靜極了，連一點兒聲音也沒有。看來老師還沒到。我趕快找到一個空座位坐好。這個時候，我忽然發現，周圍的人都是我的中學同學，每個人的面前還擺著一本數學課本。太奇怪了，這節課不是聽力嗎?怎麽會變成了我最討厭的高中數學課呢？還有，我跟同學們打招呼，他們都不答應，只是看著我笑。笑什麽？是因為我沒洗臉，沒梳頭，也沒刮胡子，還是因為我又穿了兩只顏色不同的襪子？正當我不知道該怎麽辦的時候，「叮鈴鈴」，上課鈴響了。我一下子就醒了，睜開眼睛，看了看床頭的鬧鐘：六點半。我打開窗戶，天還沒亮呢。我呼吸了一口新鮮空氣，心裡得意地想，今天肯定不會遲到了。,data/external/ntu_l2_mandarin/ntu_l2_mandarin_0040.m4a,ntu_l2_american_s8,train,learner,phoneme_issue,"Imported from public NTU L2 Mandarin learner speech; american learner, intermediate reading prompt."
ntu_l2_0041,今天早上我有一節聽力課。大概昨天夜裡沒睡好，所以起晚了。這下我急壞了，因為開學才半個多月，我已經遲到過兩次了！老師不但記住了我的名字，而且還說，下一次我要是再遲到的話，他就不讓我進教室了。我想去洗洗臉，哎？洗澡間的燈怎麽不亮了？算了，反正沒時間了。我又穿上昨天脫下的那身衣服，騎上車就往學校趕。教室裡坐著很多學生，可是安靜極了，連一點兒聲音也沒有。看來老師還沒到。我趕快找到一個空座位坐好。這個時候，我忽然發現，周圍的人都是我的中學同學，每個人的面前還擺著一本數學課本。太奇怪了，這節課不是聽力嗎?怎麽會變成了我最討厭的高中數學課呢？還有，我跟同學們打招呼，他們都不答應，只是看著我笑。笑什麽？是因為我沒洗臉，沒梳頭，也沒刮胡子，還是因為我又穿了兩只顏色不同的襪子？正當我不知道該怎麽辦的時候，「叮鈴鈴」，上課鈴響了。我一下子就醒了，睜開眼睛，看了看床頭的鬧鐘：六點半。我打開窗戶，天還沒亮呢。我呼吸了一口新鮮空氣，心裡得意地想，今天肯定不會遲到了。,data/external/ntu_l2_mandarin/ntu_l2_mandarin_0041.m4a,ntu_l2_american_s9,val,learner,phoneme_issue,"Imported from public NTU L2 Mandarin learner speech; american learner, intermediate reading prompt."
ntu_l2_0042,今天早上我有一節聽力課。大概昨天夜裡沒睡好，所以起晚了。這下我急壞了，因為開學才半個多月，我已經遲到過兩次了！老師不但記住了我的名字，而且還說，下一次我要是再遲到的話，他就不讓我進教室了。我想去洗洗臉，哎？洗澡間的燈怎麽不亮了？算了，反正沒時間了。我又穿上昨天脫下的那身衣服，騎上車就往學校趕。教室裡坐著很多學生，可是安靜極了，連一點兒聲音也沒有。看來老師還沒到。我趕快找到一個空座位坐好。這個時候，我忽然發現，周圍的人都是我的中學同學，每個人的面前還擺著一本數學課本。太奇怪了，這節課不是聽力嗎?怎麽會變成了我最討厭的高中數學課呢？還有，我跟同學們打招呼，他們都不答應，只是看著我笑。笑什麽？是因為我沒洗臉，沒梳頭，也沒刮胡子，還是因為我又穿了兩只顏色不同的襪子？正當我不知道該怎麽辦的時候，「叮鈴鈴」，上課鈴響了。我一下子就醒了，睜開眼睛，看了看床頭的鬧鐘：六點半。我打開窗戶，天還沒亮呢。我呼吸了一口新鮮空氣，心裡得意地想，今天肯定不會遲到了。,data/external/ntu_l2_mandarin/ntu_l2_mandarin_0042.m4a,ntu_l2_american_s10,test,learner,phoneme_issue,"Imported from public NTU L2 Mandarin learner speech; american learner, intermediate reading prompt."
ntu_l2_0043,他們都很忙。我家有四口人：爸爸媽媽哥哥和我。我家還有一隻小黑狗和一隻大花貓。我父親是一個有名的大夫。我母親是中學英語老師。他們都非常忙。我哥哥是大學生，學中文。他個子很高、比較胖。他的同學都叫他胖子。他的女朋友很漂亮，是日本人。我的小狗叫黑黑。小貓的名字呢，是花花。你看，這是我們家。我們家的房子不大也不小。有四個房間。還有一個非常好看的小花園。我的房間不太大。裡邊有一張小桌子兩把椅子和一張床。,data/external/ntu_l2_mandarin/ntu_l2_mandarin_0043.m4a,ntu_l2_spanish_s3,train,learner,phoneme_issue,"Imported from public NTU L2 Mandarin learner speech; spanish learner, beginner reading prompt."
ntu_l2_0044,他們都很忙。我家有四口人：爸爸媽媽哥哥和我。我家還有一隻小黑狗和一隻大花貓。我父親是一個有名的大夫。我母親是中學英語老師。他們都非常忙。我哥哥是大學生，學中文。他個子很高、比較胖。他的同學都叫他胖子。他的女朋友很漂亮，是日本人。我的小狗叫黑黑。小貓的名字呢，是花花。你看，這是我們家。我們家的房子不大也不小。有四個房間。還有一個非常好看的小花園。我的房間不太大。裡邊有一張小桌子兩把椅子和一張床。,data/external/ntu_l2_mandarin/ntu_l2_mandarin_0044.m4a,ntu_l2_spanish_s4,train,learner,phoneme_issue,"Imported from public NTU L2 Mandarin learner speech; spanish learner, beginner reading prompt."
ntu_l2_0045,他們都很忙。我家有四口人：爸爸媽媽哥哥和我。我家還有一隻小黑狗和一隻大花貓。我父親是一個有名的大夫。我母親是中學英語老師。他們都非常忙。我哥哥是大學生，學中文。他個子很高、比較胖。他的同學都叫他胖子。他的女朋友很漂亮，是日本人。我的小狗叫黑黑。小貓的名字呢，是花花。你看，這是我們家。我們家的房子不大也不小。有四個房間。還有一個非常好看的小花園。我的房間不太大。裡邊有一張小桌子兩把椅子和一張床。,data/external/ntu_l2_mandarin/ntu_l2_mandarin_0045.m4a,ntu_l2_spanish_s5,train,learner,phoneme_issue,"Imported from public NTU L2 Mandarin learner speech; spanish learner, beginner reading prompt."
ntu_l2_0046,他們都很忙。我家有四口人：爸爸媽媽哥哥和我。我家還有一隻小黑狗和一隻大花貓。我父親是一個有名的大夫。我母親是中學英語老師。他們都非常忙。我哥哥是大學生，學中文。他個子很高、比較胖。他的同學都叫他胖子。他的女朋友很漂亮，是日本人。我的小狗叫黑黑。小貓的名字呢，是花花。你看，這是我們家。我們家的房子不大也不小。有四個房間。還有一個非常好看的小花園。我的房間不太大。裡邊有一張小桌子兩把椅子和一張床。,data/external/ntu_l2_mandarin/ntu_l2_mandarin_0046.m4a,ntu_l2_spanish_s6,train,learner,phoneme_issue,"Imported from public NTU L2 Mandarin learner speech; spanish learner, beginner reading prompt."
ntu_l2_0047,今天早上我有一節聽力課。大概昨天夜裡沒睡好，所以起晚了。這下我急壞了，因為開學才半個多月，我已經遲到過兩次了！老師不但記住了我的名字，而且還說，下一次我要是再遲到的話，他就不讓我進教室了。我想去洗洗臉，哎？洗澡間的燈怎麽不亮了？算了，反正沒時間了。我又穿上昨天脫下的那身衣服，騎上車就往學校趕。教室裡坐著很多學生，可是安靜極了，連一點兒聲音也沒有。看來老師還沒到。我趕快找到一個空座位坐好。這個時候，我忽然發現，周圍的人都是我的中學同學，每個人的面前還擺著一本數學課本。太奇怪了，這節課不是聽力嗎?怎麽會變成了我最討厭的高中數學課呢？還有，我跟同學們打招呼，他們都不答應，只是看著我笑。笑什麽？是因為我沒洗臉，沒梳頭，也沒刮胡子，還是因為我又穿了兩只顏色不同的襪子？正當我不知道該怎麽辦的時候，「叮鈴鈴」，上課鈴響了。我一下子就醒了，睜開眼睛，看了看床頭的鬧鐘：六點半。我打開窗戶，天還沒亮呢。我呼吸了一口新鮮空氣，心裡得意地想，今天肯定不會遲到了。,data/external/ntu_l2_mandarin/ntu_l2_mandarin_0047.m4a,ntu_l2_spanish_s1,train,learner,phoneme_issue,"Imported from public NTU L2 Mandarin learner speech; spanish learner, intermediate reading prompt."
ntu_l2_0048,今天早上我有一節聽力課。大概昨天夜裡沒睡好，所以起晚了。這下我急壞了，因為開學才半個多月，我已經遲到過兩次了！老師不但記住了我的名字，而且還說，下一次我要是再遲到的話，他就不讓我進教室了。我想去洗洗臉，哎？洗澡間的燈怎麽不亮了？算了，反正沒時間了。我又穿上昨天脫下的那身衣服，騎上車就往學校趕。教室裡坐著很多學生，可是安靜極了，連一點兒聲音也沒有。看來老師還沒到。我趕快找到一個空座位坐好。這個時候，我忽然發現，周圍的人都是我的中學同學，每個人的面前還擺著一本數學課本。太奇怪了，這節課不是聽力嗎?怎麽會變成了我最討厭的高中數學課呢？還有，我跟同學們打招呼，他們都不答應，只是看著我笑。笑什麽？是因為我沒洗臉，沒梳頭，也沒刮胡子，還是因為我又穿了兩只顏色不同的襪子？正當我不知道該怎麽辦的時候，「叮鈴鈴」，上課鈴響了。我一下子就醒了，睜開眼睛，看了看床頭的鬧鐘：六點半。我打開窗戶，天還沒亮呢。我呼吸了一口新鮮空氣，心裡得意地想，今天肯定不會遲到了。,data/external/ntu_l2_mandarin/ntu_l2_mandarin_0048.m4a,ntu_l2_spanish_s2,train,learner,phoneme_issue,"Imported from public NTU L2 Mandarin learner speech; spanish learner, intermediate reading prompt."
ntu_l2_0049,今天早上我有一節聽力課。大概昨天夜裡沒睡好，所以起晚了。這下我急壞了，因為開學才半個多月，我已經遲到過兩次了！老師不但記住了我的名字，而且還說，下一次我要是再遲到的話，他就不讓我進教室了。我想去洗洗臉，哎？洗澡間的燈怎麽不亮了？算了，反正沒時間了。我又穿上昨天脫下的那身衣服，騎上車就往學校趕。教室裡坐著很多學生，可是安靜極了，連一點兒聲音也沒有。看來老師還沒到。我趕快找到一個空座位坐好。這個時候，我忽然發現，周圍的人都是我的中學同學，每個人的面前還擺著一本數學課本。太奇怪了，這節課不是聽力嗎?怎麽會變成了我最討厭的高中數學課呢？還有，我跟同學們打招呼，他們都不答應，只是看著我笑。笑什麽？是因為我沒洗臉，沒梳頭，也沒刮胡子，還是因為我又穿了兩只顏色不同的襪子？正當我不知道該怎麽辦的時候，「叮鈴鈴」，上課鈴響了。我一下子就醒了，睜開眼睛，看了看床頭的鬧鐘：六點半。我打開窗戶，天還沒亮呢。我呼吸了一口新鮮空氣，心裡得意地想，今天肯定不會遲到了。,data/external/ntu_l2_mandarin/ntu_l2_mandarin_0049.m4a,ntu_l2_spanish_s3,train,learner,phoneme_issue,"Imported from public NTU L2 Mandarin learner speech; spanish learner, intermediate reading prompt."
ntu_l2_0050,今天早上我有一節聽力課。大概昨天夜裡沒睡好，所以起晚了。這下我急壞了，因為開學才半個多月，我已經遲到過兩次了！老師不但記住了我的名字，而且還說，下一次我要是再遲到的話，他就不讓我進教室了。我想去洗洗臉，哎？洗澡間的燈怎麽不亮了？算了，反正沒時間了。我又穿上昨天脫下的那身衣服，騎上車就往學校趕。教室裡坐著很多學生，可是安靜極了，連一點兒聲音也沒有。看來老師還沒到。我趕快找到一個空座位坐好。這個時候，我忽然發現，周圍的人都是我的中學同學，每個人的面前還擺著一本數學課本。太奇怪了，這節課不是聽力嗎?怎麽會變成了我最討厭的高中數學課呢？還有，我跟同學們打招呼，他們都不答應，只是看著我笑。笑什麽？是因為我沒洗臉，沒梳頭，也沒刮胡子，還是因為我又穿了兩只顏色不同的襪子？正當我不知道該怎麽辦的時候，「叮鈴鈴」，上課鈴響了。我一下子就醒了，睜開眼睛，看了看床頭的鬧鐘：六點半。我打開窗戶，天還沒亮呢。我呼吸了一口新鮮空氣，心裡得意地想，今天肯定不會遲到了。,data/external/ntu_l2_mandarin/ntu_l2_mandarin_0050.m4a,ntu_l2_spanish_s4,train,learner,phoneme_issue,"Imported from public NTU L2 Mandarin learner speech; spanish learner, intermediate reading prompt."
